nid,category
180,NULL
181,NULL
301,NULL
1430,NULL
1527,NULL
1528,NULL
1529,NULL
28498,NULL
28499,NULL
28500,NULL
28641,NULL
28642,NULL
28643,NULL
29043,NULL
32889,NULL
32890,NULL
32891,NULL
33316,NULL
34776,NULL
36528,NULL
36529,NULL
37115,NULL
37784,NULL
37787,NULL
37788,NULL
37789,NULL
38180,NULL
38181,NULL
39081,NULL
39082,NULL
39244,NULL
39248,NULL
41076,NULL
41100,NULL
41999,NULL
42000,NULL
42065,NULL
44990,NULL
44992,NULL
45012,NULL
45419,NULL
47836,NULL
50370,NULL
50372,NULL
51155,NULL
51157,NULL
53062,NULL
53524,NULL
53526,NULL
53530,NULL
53545,NULL
53762,NULL
53861,NULL
54556,NULL
55654,NULL
56201,NULL
56664,NULL
56847,NULL
58571,NULL
60183,NULL
60643,NULL
61425,NULL
61430,NULL
61443,NULL
62904,NULL
64196,NULL
78843,NULL
92608,NULL
136194,NULL
144213,NULL
145172,NULL
150432,NULL
150467,NULL
154022,NULL
154023,NULL
156772,NULL
177288,NULL
177346,NULL
210263,NULL
210318,NULL
212111,NULL
212180,NULL
212898,NULL
212950,NULL
213012,NULL
213307,NULL
229505,NULL
229514,NULL
229523,NULL
229527,NULL
229538,NULL
229608,NULL
254592,NULL
254593,NULL
257606,NULL
257614,NULL
258950,NULL
259005,NULL
263250,NULL
263251,NULL
263259,NULL
263261,NULL
267740,NULL
267742,NULL
269750,NULL
269757,NULL
273195,NULL
273197,NULL
273199,NULL
273201,NULL
273801,NULL
273979,NULL
276422,NULL
276425,NULL
276479,NULL
276526,NULL
276740,NULL
276753,NULL
279643,NULL
280154,NULL
280155,NULL
282970,NULL
282971,NULL
284121,NULL
284266,NULL
284291,NULL
287121,NULL
287123,NULL
287124,NULL
290344,NULL
290613,NULL
290697,NULL
291014,NULL
291034,NULL
293126,NULL
293128,NULL
297825,NULL
297828,NULL
298339,NULL
298342,NULL
298344,NULL
303349,NULL
303352,NULL
307879,NULL
307884,NULL
313939,NULL
313944,NULL
319257,NULL
319258,NULL
321834,NULL
321838,NULL
326277,NULL
326279,NULL
333403,NULL
333405,NULL
333409,NULL
333411,NULL
337993,NULL
337994,NULL
339793,NULL
339795,NULL
340165,NULL
340171,NULL
341426,NULL
341438,NULL
345267,NULL
345274,NULL
346226,NULL
346984,NULL
346985,NULL
347240,NULL
347246,NULL
347255,NULL
347263,NULL
354822,NULL
354824,NULL
354899,NULL
354900,NULL
356501,NULL
356504,NULL
358809,NULL
358812,NULL
365379,NULL
365380,NULL
365382,NULL
365383,NULL
365632,NULL
365637,NULL
369669,NULL
369670,NULL
369880,NULL
371362,NULL
371363,NULL
375147,NULL
375148,NULL
375149,NULL
378275,NULL
380771,NULL
380774,NULL
380775,NULL
386325,NULL
386329,NULL
386330,NULL
390794,NULL
390805,NULL
390806,NULL
390807,NULL
394858,NULL
395222,NULL
395224,NULL
395227,NULL
395490,NULL
402673,NULL
402676,NULL
402678,NULL
406416,NULL
406418,NULL
406420,NULL
408057,NULL
408058,NULL
408059,NULL
413950,NULL
413952,NULL
413953,NULL
418407,NULL
418409,NULL
418410,NULL
421689,NULL
421693,NULL
421694,NULL
421695,NULL
421696,NULL
421745,NULL
421746,NULL
421749,NULL
426364,NULL
426366,NULL
426368,NULL
431243,NULL
432014,NULL
432419,NULL
432421,NULL
432422,NULL
438087,NULL
438088,NULL
438089,NULL
441733,NULL
441734,NULL
441735,NULL
442342,NULL
442369,NULL
446079,NULL
446081,NULL
446082,NULL
451446,NULL
451448,NULL
451449,NULL
457116,NULL
457117,NULL
457118,NULL
461249,NULL
461250,NULL
461251,NULL
468278,NULL
468279,NULL
468280,NULL
472723,NULL
472724,NULL
472725,NULL
477088,NULL
477089,NULL
477090,NULL
483428,NULL
483429,NULL
483430,NULL
489637,NULL
489638,NULL
489639,NULL
495768,NULL
495769,NULL
495770,NULL
503397,NULL
503399,NULL
503400,NULL
508453,NULL
508454,NULL
508455,NULL
521219,NULL
521271,NULL
521272,NULL
525732,NULL
525733,NULL
525734,NULL
531241,NULL
531242,NULL
531243,NULL
537708,NULL
537709,NULL
537710,NULL
541554,NULL
541555,NULL
541556,NULL
545657,NULL
545658,NULL
545659,NULL
552565,NULL
552570,NULL
552575,NULL
563187,NULL
563188,NULL
563189,NULL
569323,NULL
569324,NULL
569325,NULL
576368,NULL
576369,NULL
576370,NULL
589359,NULL
589361,NULL
589363,NULL
596679,NULL
596680,NULL
596681,NULL
600403,NULL
602950,NULL
602952,NULL
602953,NULL
624775,NULL
624776,NULL
624778,NULL
633057,NULL
633058,NULL
633059,NULL
641635,NULL
641636,NULL
641637,NULL
676758,NULL
676759,NULL
676760,NULL
697347,NULL
697348,NULL
697352,NULL
738597,NULL
738598,NULL
738599,NULL
766161,NULL
766163,NULL
766165,NULL
792895,NULL
792896,NULL
792897,NULL
817393,NULL
817394,NULL
817395,NULL
836832,NULL
836833,NULL
836834,NULL
844469,NULL
844474,NULL
844475,NULL
857597,NULL
857612,NULL
857626,NULL
885503,NULL
885511,NULL
885523,NULL
891977,NULL
891982,NULL
891983,NULL
898974,NULL
903176,NULL
903186,NULL
928207,NULL
928210,NULL
928211,NULL
952673,NULL
960281,NULL
960285,NULL
960286,NULL
985080,NULL
985082,NULL
985083,NULL
985084,NULL
985179,NULL
985211,NULL
985235,NULL
985652,NULL
985653,NULL
985654,NULL
985685,NULL
985686,NULL
985687,NULL
985717,NULL
985718,NULL
985719,NULL
985735,NULL
985736,NULL
985737,NULL
985767,NULL
985768,NULL
985769,NULL
985794,NULL
985795,NULL
985796,NULL
985806,NULL
985807,NULL
985808,NULL
985850,NULL
985851,NULL
985852,NULL
985854,NULL
985875,NULL
985876,NULL
985877,NULL
985906,NULL
985907,NULL
985908,NULL
985933,NULL
985934,NULL
985935,NULL
985952,NULL
985953,NULL
985954,NULL
985957,NULL
985988,NULL
985989,NULL
985990,NULL
985997,NULL
985999,NULL
986000,NULL
986001,NULL
986002,NULL
986003,NULL
986018,NULL
986025,NULL
986043,NULL
986044,NULL
986045,NULL
986046,NULL
986048,NULL
986052,NULL
986053,NULL
986054,NULL
986072,NULL
986073,NULL
986074,NULL
986085,NULL
986086,NULL
986087,NULL
986088,NULL
986089,NULL
986110,NULL
986111,NULL
986112,NULL
986127,NULL
986128,NULL
986129,NULL
986135,NULL
986136,NULL
986137,NULL
986148,NULL
986149,NULL
986150,NULL
986152,NULL
986153,NULL
986163,NULL
986164,NULL
986165,NULL
986180,NULL
986181,NULL
986182,NULL
986201,NULL
986202,NULL
986203,NULL
986204,NULL
986210,NULL
986211,NULL
986215,NULL
986216,NULL
986217,NULL
986227,NULL
986228,NULL
986229,NULL
986235,NULL
986236,NULL
986237,NULL
986269,NULL
986270,NULL
986271,NULL
986272,NULL
986273,NULL
986274,NULL
986298,NULL
986299,NULL
986300,NULL
986307,NULL
986308,NULL
986309,NULL
986310,NULL
986311,NULL
986312,NULL
986317,NULL
986324,NULL
986325,NULL
986326,NULL
986328,NULL
986330,NULL
986331,NULL
986340,NULL
986341,NULL
986342,NULL
986345,NULL
986346,NULL
986347,NULL
986427,NULL
986428,NULL
986429,NULL
986432,NULL
986433,NULL
986435,NULL
986445,NULL
986446,NULL
986447,NULL
986452,NULL
986453,NULL
986454,NULL
986458,NULL
986459,NULL
986460,NULL
986461,NULL
986462,NULL
986468,NULL
986474,NULL
986494,NULL
986497,NULL
986504,NULL
986515,NULL
986516,NULL
986520,NULL
986522,NULL
986523,NULL
986524,NULL
986525,NULL
986526,NULL
986536,NULL
986550,NULL
986567,NULL
986568,NULL
986571,NULL
986572,NULL
986597,NULL
986598,NULL
986599,NULL
986603,NULL
986605,NULL
986606,NULL
986607,NULL
986608,NULL
986610,NULL
986611,NULL
986620,NULL
986625,NULL
986628,NULL
986629,NULL
986633,NULL
986653,NULL
986655,NULL
986656,NULL
986666,NULL
986667,NULL
986677,NULL
986678,NULL
986679,NULL
986680,NULL
986681,NULL
986691,NULL
986698,NULL
986712,NULL
986732,NULL
986733,NULL
986734,NULL
986737,NULL
986792,NULL
986802,NULL
986803,NULL
986812,NULL
986820,NULL
986821,NULL
986822,NULL
986824,NULL
986825,NULL
986827,NULL
986836,NULL
986837,NULL
986838,NULL
986839,NULL
986844,NULL
986850,NULL
986851,NULL
986865,NULL
986866,NULL
986867,NULL
986870,NULL
986875,NULL
986877,NULL
986885,NULL
986889,NULL
986894,NULL
986895,NULL
986896,NULL
986904,NULL
986916,NULL
986917,NULL
986928,NULL
986929,NULL
986930,NULL
986931,NULL
986941,NULL
986950,NULL
986951,NULL
986952,NULL
986958,NULL
986960,NULL
986961,NULL
986962,NULL
986964,NULL
986966,NULL
986967,NULL
986968,NULL
986969,NULL
986970,NULL
986973,NULL
986974,NULL
986990,NULL
987022,NULL
987023,NULL
987024,NULL
987028,NULL
987034,NULL
987035,NULL
987036,NULL
987043,NULL
987044,NULL
987045,NULL
987056,NULL
987057,NULL
987058,NULL
987060,NULL
987061,NULL
987062,NULL
987071,NULL
987072,NULL
987076,NULL
987077,NULL
987078,NULL
987088,NULL
987089,NULL
987090,NULL
987094,NULL
987095,NULL
987096,NULL
987099,NULL
987100,NULL
987101,NULL
987102,NULL
987103,NULL
987104,NULL
987109,NULL
987110,NULL
987111,NULL
987115,NULL
987116,NULL
987117,NULL
987124,NULL
987125,NULL
987126,NULL
987127,NULL
987128,NULL
987129,NULL
987130,NULL
987131,NULL
987132,NULL
987135,NULL
987136,NULL
987137,NULL
987145,NULL
987146,NULL
987147,NULL
987155,NULL
987156,NULL
987157,NULL
987158,NULL
987159,NULL
987160,NULL
987162,NULL
987163,NULL
987164,NULL
987177,NULL
987178,NULL
987179,NULL
987185,NULL
987186,NULL
987187,NULL
987204,NULL
987205,NULL
987208,NULL
987209,NULL
987210,NULL
987212,NULL
987213,NULL
987214,NULL
987215,NULL
987216,NULL
987217,NULL
987218,NULL
987219,NULL
987220,NULL
987253,NULL
987254,NULL
987255,NULL
987256,NULL
987257,NULL
987258,NULL
987259,NULL
987260,NULL
987261,NULL
987275,NULL
987276,NULL
987277,NULL
987279,NULL
987280,NULL
987281,NULL
987282,NULL
987283,NULL
987284,NULL
987285,NULL
987286,NULL
987287,NULL
987288,NULL
987291,NULL
987292,NULL
987293,NULL
987320,NULL
987321,NULL
987322,NULL
987323,NULL
987327,NULL
987334,NULL
987335,NULL
987336,NULL
987337,NULL
987338,NULL
987346,NULL
987357,NULL
987384,NULL
987399,NULL
987400,NULL
987404,NULL
987405,NULL
987406,NULL
987407,NULL
987409,NULL
987410,NULL
987411,NULL
987413,NULL
987414,NULL
987415,NULL
987428,NULL
987429,NULL
987430,NULL
987431,NULL
987432,NULL
987441,NULL
987442,NULL
987443,NULL
987444,NULL
987451,NULL
987452,NULL
987453,NULL
987467,NULL
987468,NULL
987469,NULL
987470,NULL
987473,NULL
987478,NULL
987482,NULL
987483,NULL
987484,NULL
987485,NULL
987486,NULL
987487,NULL
987494,NULL
987496,NULL
987507,NULL
987508,NULL
987509,NULL
987523,NULL
987524,NULL
987528,NULL
987529,NULL
987530,NULL
987536,NULL
987537,NULL
987538,NULL
987539,NULL
987540,NULL
987541,NULL
987542,NULL
987555,NULL
987556,NULL
987557,NULL
987569,NULL
987570,NULL
987571,NULL
987582,NULL
987583,NULL
987584,NULL
987585,NULL
987586,NULL
987587,NULL
987599,NULL
987601,NULL
987611,NULL
987613,NULL
987618,NULL
987619,NULL
987620,NULL
987627,NULL
987628,NULL
987629,NULL
987635,NULL
987642,NULL
987644,NULL
987647,NULL
987653,NULL
987655,NULL
987657,NULL
987660,NULL
987661,NULL
987666,NULL
987670,NULL
987673,NULL
987674,NULL
987676,NULL
987685,NULL
987686,NULL
987688,NULL
987689,NULL
987695,NULL
987700,NULL
987701,NULL
987706,NULL
987710,NULL
987711,NULL
987719,NULL
987720,NULL
987724,NULL
987725,NULL
987739,NULL
987741,NULL
987748,NULL
987757,NULL
987764,NULL
987765,NULL
987766,NULL
987769,NULL
987772,NULL
987777,NULL
987781,NULL
987783,NULL
987785,NULL
987787,NULL
987788,NULL
987795,NULL
987803,NULL
987806,NULL
987815,NULL
987817,NULL
987820,NULL
987824,NULL
987825,NULL
987838,NULL
987840,NULL
987841,NULL
987843,NULL
987844,NULL
987848,NULL
987857,NULL
987860,NULL
987863,NULL
987864,NULL
987865,NULL
987873,NULL
987879,NULL
987885,NULL
987901,NULL
987903,NULL
987905,NULL
987907,NULL
987913,NULL
987916,NULL
987928,NULL
987934,NULL
987944,NULL
987958,NULL
987959,NULL
987960,NULL
987963,NULL
987966,NULL
987968,NULL
987970,NULL
987971,NULL
987974,NULL
987978,NULL
987979,NULL
987980,NULL
987982,NULL
987987,NULL
987989,NULL
987994,NULL
988004,NULL
988006,NULL
988009,NULL
988010,NULL
988013,NULL
988014,NULL
988016,NULL
988019,NULL
988023,NULL
988029,NULL
988032,NULL
988035,NULL
988039,NULL
988041,NULL
988048,NULL
988053,NULL
988054,NULL
988057,NULL
988064,NULL
988070,NULL
988075,NULL
988082,NULL
988090,NULL
988101,NULL
988110,NULL
988111,NULL
988118,NULL
988124,NULL
988128,NULL
988187,NULL
988188,NULL
988192,NULL
988203,NULL
988206,NULL
988212,NULL
988215,NULL
988218,NULL
988222,NULL
988224,NULL
988225,NULL
988226,NULL
988242,NULL
988244,NULL
988249,NULL
988252,NULL
988260,NULL
988261,NULL
988263,NULL
988267,NULL
988271,NULL
988272,NULL
988275,NULL
988279,NULL
988286,NULL
988288,NULL
988289,NULL
988290,NULL
988297,NULL
988301,NULL
988309,NULL
988311,NULL
988314,NULL
988319,NULL
988322,NULL
988325,NULL
988331,NULL
988339,NULL
988341,NULL
988343,NULL
988350,NULL
988351,NULL
988352,NULL
988353,NULL
988354,NULL
988364,NULL
988371,NULL
988382,NULL
988383,NULL
988390,NULL
988392,NULL
988398,NULL
988399,NULL
988402,NULL
988404,NULL
988406,NULL
988419,NULL
988428,NULL
988430,NULL
988442,NULL
988443,NULL
988444,NULL
988446,NULL
988455,NULL
988457,NULL
988459,NULL
988460,NULL
988465,NULL
988466,NULL
988467,NULL
988468,NULL
988491,NULL
988497,NULL
988501,NULL
988503,NULL
988504,NULL
988508,NULL
988512,NULL
988517,NULL
988518,NULL
988523,NULL
988525,NULL
988530,NULL
988531,NULL
988532,NULL
988534,NULL
988539,NULL
988551,NULL
988552,NULL
988554,NULL
988555,NULL
988556,NULL
988559,NULL
988568,NULL
988569,NULL
988572,NULL
988581,NULL
988586,NULL
988599,NULL
988604,NULL
988605,NULL
988606,NULL
988608,NULL
988609,NULL
988611,NULL
988613,NULL
988618,NULL
988620,NULL
988622,NULL
988627,NULL
988628,NULL
988640,NULL
988641,NULL
988642,NULL
988646,NULL
988656,NULL
988661,NULL
988662,NULL
988663,NULL
988664,NULL
988665,NULL
988666,NULL
988667,NULL
988671,NULL
988675,NULL
988676,NULL
988677,NULL
988679,NULL
988685,NULL
988688,NULL
988692,NULL
988694,NULL
988697,NULL
988701,NULL
988702,NULL
988703,NULL
988705,NULL
988707,NULL
988709,NULL
988713,NULL
988714,NULL
988718,NULL
988725,NULL
988726,NULL
988727,NULL
988730,NULL
988737,NULL
988739,NULL
988742,NULL
988744,NULL
988750,NULL
988751,NULL
988752,NULL
988756,NULL
988757,NULL
988766,NULL
988776,NULL
988788,NULL
988793,NULL
988795,NULL
988796,NULL
988806,NULL
988808,NULL
988812,NULL
988815,NULL
988817,NULL
988832,NULL
988857,NULL
988865,NULL
988872,NULL
988875,NULL
988876,NULL
988881,NULL
988883,NULL
988885,NULL
988887,NULL
988889,NULL
988890,NULL
988891,NULL
988896,NULL
988897,NULL
988898,NULL
988903,NULL
988906,NULL
988907,NULL
988911,NULL
988917,NULL
988918,NULL
988920,NULL
988922,NULL
988928,NULL
988948,NULL
988949,NULL
988950,NULL
988953,NULL
988956,NULL
988957,NULL
988958,NULL
988959,NULL
988962,NULL
988966,NULL
988968,NULL
988969,NULL
988970,NULL
988972,NULL
988976,NULL
988977,NULL
988978,NULL
988980,NULL
988984,NULL
988986,NULL
988988,NULL
988994,NULL
988997,NULL
989000,NULL
989002,NULL
989007,NULL
989008,NULL
989009,NULL
989012,NULL
989013,NULL
989014,NULL
989016,NULL
989028,NULL
989030,NULL
989036,NULL
989038,NULL
989040,NULL
989042,NULL
989045,NULL
989048,NULL
989050,NULL
989052,NULL
989053,NULL
989054,NULL
989055,NULL
989057,NULL
989059,NULL
989064,NULL
989066,NULL
989069,NULL
989073,NULL
989077,NULL
989080,NULL
989082,NULL
989084,NULL
989086,NULL
989088,NULL
989090,NULL
989092,NULL
989094,NULL
989096,NULL
989101,NULL
989104,NULL
989110,NULL
989112,NULL
989114,NULL
989115,NULL
989116,NULL
989117,NULL
989119,NULL
989125,NULL
989127,NULL
989135,NULL
989137,NULL
989140,NULL
989145,NULL
989146,NULL
989147,NULL
989148,NULL
989149,NULL
989150,NULL
989152,NULL
989153,NULL
989154,NULL
989162,NULL
989166,NULL
989167,NULL
989170,NULL
989171,NULL
989172,NULL
989183,NULL
989185,NULL
989188,NULL
989193,NULL
989200,NULL
989222,NULL
989223,NULL
989224,NULL
989230,NULL
989232,NULL
989248,NULL
989249,NULL
989250,NULL
989252,NULL
989264,NULL
989265,NULL
989266,NULL
989267,NULL
989268,NULL
989270,Overall,Prediction
989278,NULL
989282,NULL
989285,NULL
989287,NULL
989295,NULL
989297,NULL
989300,NULL
989306,NULL
989308,NULL
989309,NULL
989312,Overall,Prediction
989320,NULL
989325,Design,Overall
989326,NULL
989327,NULL
989329,NULL
989337,NULL
989339,NULL
989345,Overall,Prediction
989346,NULL
989347,NULL
989351,NULL
989353,NULL
989357,NULL
989359,NULL
989361,NULL
989362,Overall,Prediction
989365,NULL
989378,NULL
989381,NULL
989383,Overall,Prediction
989396,NULL
989410,NULL
989411,NULL
989415,NULL
989418,NULL
989419,NULL
989420,NULL
989424,NULL
989426,NULL
989430,NULL
989440,Overall,Prediction
989441,NULL
989456,NULL
989462,NULL
989464,NULL
989466,NULL
989469,NULL
989474,Overall,Prediction
989475,NULL
989476,NULL
989494,Overall,Prediction
989505,Overall,Prediction
989506,Overall,Prediction
989520,NULL
989521,NULL
989526,Overall,Prediction
989527,NULL
989528,NULL
989546,NULL
989554,NULL
989558,Overall,Prediction
989559,NULL
989560,NULL
989573,NULL
989585,NULL
989586,NULL
989587,NULL
989592,NULL
989602,Overall,Prediction
989626,Overall,Prediction
989633,NULL
989635,NULL
989637,NULL
989645,Overall,Prediction
989646,NULL
989647,NULL
989651,NULL
989653,Overall,Prediction
989659,NULL
989661,NULL
989664,Overall,Prediction
989665,NULL
989666,NULL
989669,Overall,Prediction
989676,NULL
989678,NULL
989687,NULL
989692,Overall,Prediction
989700,Overall,Prediction
989701,NULL
989702,NULL
989705,Overall,Prediction
989706,NULL
989707,NULL
989723,NULL
989725,NULL
989727,NULL
989729,NULL
989733,Overall,Prediction
989735,NULL
989736,NULL
989737,NULL
989739,NULL
989747,NULL
989750,NULL
989755,NULL
989757,NULL
989760,NULL
989767,Design,Overall
989772,NULL
989774,Overall,Prediction
989783,Design,Overall
989785,NULL
989790,NULL
989797,NULL
989799,Overall,Prediction
989803,NULL
989805,NULL
989808,NULL
989815,Overall,Prediction
989816,NULL
989817,NULL
989822,Design,Overall
989827,Overall,Prediction
989841,Overall,Prediction
989842,NULL
989843,NULL
989847,NULL
989849,NULL
989853,NULL
989855,NULL
989857,NULL
989859,Overall,Prediction
989860,NULL
989861,NULL
989864,NULL
989867,NULL
989868,Overall,Prediction
989873,NULL
989878,Overall,Prediction
989879,NULL
989880,NULL
989885,NULL
989886,NULL
989887,NULL
989894,NULL
989912,NULL
989918,NULL
989920,Overall,Prediction
989922,Overall,Prediction
989927,Design,Overall
989952,Overall,Prediction
989953,NULL
989954,NULL
989955,Overall,Prediction
989956,NULL
989957,NULL
989963,NULL
989964,Overall,Prediction
989965,NULL
989966,NULL
989972,NULL
989974,NULL
989985,NULL
989993,NULL
989994,Electron Density,Overall,Prediction
990000,NULL
990002,Design,Overall
990010,NULL
990012,NULL
990020,NULL
990022,NULL
990025,NULL
990027,NULL
990028,NULL
990034,NULL
990041,NULL
990046,Overall,Prediction
990049,NULL
990050,NULL
990051,NULL
990052,NULL
990058,NULL
990067,NULL
990071,NULL
990072,NULL
990082,Overall,Prediction
990083,NULL
990084,NULL
990086,NULL
990087,Overall,Prediction
990088,NULL
990093,NULL
990096,NULL
990101,NULL
990103,NULL
990117,NULL
990121,NULL
990123,NULL
990125,NULL
990126,Overall,Prediction
990132,NULL
990135,Overall,Prediction
990136,NULL
990137,NULL
990141,Overall,Prediction
990142,NULL
990143,NULL
990152,Overall,Prediction
990153,NULL
990154,NULL
990164,NULL
990177,NULL
990179,NULL
990181,NULL
990185,Overall,Prediction
990186,Design,Overall
990197,NULL
990199,NULL
990204,NULL
990211,NULL
990213,NULL
990215,NULL
990223,NULL
990225,NULL
990227,NULL
990229,NULL
990231,NULL
990233,NULL
990235,NULL
990243,NULL
990244,NULL
990245,NULL
990248,NULL
990252,Overall,Prediction
990257,NULL
990259,Overall,Prediction
990263,NULL
990265,NULL
990273,Overall,Prediction
990274,NULL
990275,NULL
990281,Overall,Prediction
990289,Overall,Prediction
990301,Overall,Prediction
990303,Overall,Prediction
990304,NULL
990305,NULL
990310,Electron Density,Overall,Prediction
990323,NULL
990328,Overall,Prediction
990329,NULL
990330,NULL
990334,Electron Density,Overall,Prediction
990340,Electron Density,Overall,Prediction
990342,Overall,Prediction
990343,NULL
990344,NULL
990346,NULL
990353,NULL
990354,NULL
990355,NULL
990403,NULL
990414,NULL
990424,NULL
990430,NULL
990440,NULL
990442,NULL
990443,NULL
990446,NULL
990449,NULL
990450,NULL
990451,NULL
990462,NULL
990468,NULL
990476,Overall,Prediction
990477,NULL
990478,NULL
990486,NULL
990488,NULL
990499,NULL
990501,NULL
990503,NULL
990508,NULL
990541,NULL
990544,NULL
990552,NULL
990557,NULL
990559,NULL
990560,NULL
990571,NULL
990583,NULL
990585,NULL
990609,NULL
990610,NULL
990611,NULL
990616,NULL
990621,NULL
990622,NULL
990627,Electron Density,Overall,Prediction
990629,Overall,Prediction
990631,NULL
990656,NULL
990657,NULL
990658,NULL
990688,NULL
990689,Overall,Prediction
990690,NULL
990691,NULL
990711,Overall,Prediction
990721,NULL
990723,NULL
990725,NULL
990728,NULL
990747,NULL
990748,Overall,Prediction
990749,NULL
990750,NULL
990765,NULL
990767,NULL
990770,NULL
990772,NULL
990784,NULL
990793,NULL
990803,Overall,Prediction
990805,NULL
990807,NULL
990812,NULL
990815,Design,Overall
990819,NULL
990826,NULL
990828,NULL
990829,Overall,Prediction
990830,NULL
990831,NULL
990837,Overall,Prediction
990840,NULL
990841,NULL
990852,NULL
990857,NULL
990858,Overall,Prediction
990860,NULL
990862,NULL
990865,NULL
990868,NULL
990876,NULL
990880,NULL
990883,Electron Density,Overall,Prediction
990887,Overall,Prediction
990888,NULL
990889,NULL
990896,NULL
990899,NULL
990901,NULL
990911,Design,Overall
990916,Electron Density,Overall,Prediction
990918,NULL
990920,NULL
990937,NULL
990939,NULL
990949,NULL
990952,Overall,Prediction
990953,NULL
990954,NULL
990956,NULL
990959,NULL
990961,NULL
990962,Electron Density,Overall,Prediction
990972,NULL
990977,NULL
990978,Overall,Prediction
990995,NULL
990997,NULL
991002,Overall,Prediction
991008,Overall,Prediction
991009,NULL
991010,NULL
991018,NULL
991024,NULL
991030,Overall,Prediction
991031,NULL
991032,NULL
991057,Overall,Prediction,Symmetry
991064,NULL
991065,NULL
991079,Overall,Prediction
991080,NULL
991081,NULL
991083,NULL
991096,Overall,Prediction
991105,Overall,Prediction
991113,Overall,Prediction
991114,NULL
991115,NULL
991121,NULL
991138,NULL
991141,Design,Overall
991148,NULL
991150,NULL
991154,NULL
991163,NULL
991165,NULL
991168,Overall,Prediction
991169,Overall,Prediction,Symmetry
991176,Overall,Prediction
991190,NULL
991201,NULL
991203,NULL
991206,Overall,Prediction
991208,Overall,Prediction
991210,NULL
991219,NULL
991222,Design,Overall
991232,NULL
991234,NULL
991238,NULL
991240,NULL
991241,NULL
991245,Overall,Prediction,Symmetry
991250,Overall,Prediction
991257,Overall,Prediction
991258,NULL
991259,NULL
991266,NULL
991275,NULL
991277,NULL
991278,Design,Overall
991283,NULL
991289,NULL
991298,Overall,Prediction
991310,Overall,Prediction
991313,Overall,Prediction
991314,Overall,Prediction
991328,NULL
991331,Electron Density,Overall,Prediction
991333,NULL
991335,NULL
991336,NULL
991338,NULL
991341,NULL
991343,NULL
991345,NULL
991347,NULL
991349,NULL
991351,NULL
991353,NULL
991356,NULL
991358,NULL
991363,NULL
991367,NULL
991368,NULL
991383,Overall,Prediction
991384,NULL
991385,NULL
991400,NULL
991402,NULL
991405,NULL
991408,NULL
991410,NULL
991415,NULL
991425,Overall,Prediction
991432,NULL
991451,NULL
991463,Overall,Prediction
991466,NULL
991468,NULL
991470,NULL
991471,NULL
991475,NULL
991477,NULL
991478,NULL
991480,NULL
991484,NULL
991486,NULL
991493,NULL
991498,NULL
991501,NULL
991504,NULL
991506,NULL
991508,NULL
991510,NULL
991515,NULL
991522,NULL
991524,NULL
991525,NULL
991526,NULL
991527,NULL
991528,NULL
991530,Overall,Prediction
991537,NULL
991538,Overall,Prediction
991549,NULL
991553,NULL
991555,NULL
991572,NULL
991574,NULL
991577,Design,Overall
991583,NULL
991590,Overall,Prediction
991596,NULL
991597,NULL
991606,NULL
991612,NULL
991616,NULL
991625,NULL
991629,Overall,Prediction
991630,NULL
991631,NULL
991634,NULL
991644,Overall,Prediction
991647,NULL
991649,NULL
991651,NULL
991653,NULL
991658,NULL
991661,NULL
991669,NULL
991679,NULL
991681,NULL
991682,Overall,Prediction
991691,NULL
991693,NULL
991695,Overall,Prediction
991697,NULL
991702,NULL
991704,NULL
991705,NULL
991706,NULL
991708,NULL
991710,NULL
991712,NULL
991714,NULL
991734,NULL
991737,NULL
991739,NULL
991742,Overall,Prediction
991744,NULL
991745,Overall,Prediction
991752,NULL
991761,Overall,Prediction
991763,Electron Density,Overall,Prediction
991770,NULL
991772,NULL
991778,NULL
991780,NULL
991782,NULL
991784,NULL
991789,Overall,Prediction
991792,NULL
991794,NULL
991797,NULL
991798,NULL
991800,NULL
991802,NULL
991817,Overall,Prediction
991818,NULL
991819,NULL
991820,NULL
991844,NULL
991850,NULL
991853,Overall,Prediction
991854,Overall,Prediction
991857,NULL
991859,NULL
991866,Overall,Prediction
991886,NULL
991888,NULL
991890,NULL
991892,NULL
991894,NULL
991895,Overall,Prediction
991899,NULL
991903,NULL
991915,NULL
991925,NULL
991926,NULL
991927,NULL
991934,NULL
991935,Overall,Prediction
991942,NULL
991944,NULL
991949,Overall,Prediction
991950,Overall,Prediction
991952,NULL
991961,NULL
991966,NULL
991968,NULL
991970,NULL
991973,Design,Overall
991982,NULL
991985,Design,Overall
991988,NULL
992000,NULL
992008,NULL
992012,NULL
992016,Overall,Prediction
992022,NULL
992026,Overall,Prediction,Symmetry
992034,NULL
992035,NULL
992040,Overall,Prediction
992054,NULL
992058,NULL
992062,NULL
992064,NULL
992065,Overall,Prediction
992073,NULL
992079,Overall,Prediction
992090,NULL
992094,NULL
992095,NULL
992098,Overall,Prediction
992109,NULL
992114,NULL
992119,NULL
992120,NULL
992121,NULL
992122,NULL
992125,NULL
992126,NULL
992127,NULL
992128,Design,Overall
992148,NULL
992156,NULL
992157,Overall,Prediction
992160,NULL
992166,NULL
992168,NULL
992170,NULL
992173,NULL
992175,NULL
992177,NULL
992179,NULL
992184,Design,Overall
992185,NULL
992186,NULL
992187,Overall,Prediction
992189,NULL
992195,NULL
992201,NULL
992208,Electron Density,Overall,Prediction
992210,Overall,Prediction
992216,NULL
992218,NULL
992220,NULL
992222,NULL
992224,NULL
992226,NULL
992227,Overall,Prediction
992243,NULL
992244,NULL
992245,NULL
992259,NULL
992262,NULL
992263,Overall,Prediction
992272,Design,Overall
992288,NULL
992290,NULL
992292,NULL
992297,Overall,Prediction
992299,NULL
992309,Design,Overall
992310,NULL
992311,NULL
992330,Design,Overall
992333,Overall,Prediction
992335,NULL
992338,NULL
992342,NULL
992344,NULL
992346,NULL
992348,NULL
992351,Overall,Prediction
992359,NULL
992361,NULL
992363,NULL
992365,NULL
992374,NULL
992376,Design,Overall
992377,NULL
992378,NULL
992388,NULL
992390,NULL
992391,NULL
992396,NULL
992399,NULL
992403,NULL
992406,NULL
992408,NULL
992410,Electron Density,Overall,Prediction
992411,NULL
992420,NULL
992426,NULL
992429,Design,Overall
992431,NULL
992432,NULL
992442,Overall,Prediction
992447,Electron Density,Overall,Prediction
992456,NULL
992459,NULL
992461,NULL
992464,NULL
992472,Overall,Prediction
992484,NULL
992486,NULL
992488,NULL
992489,NULL
992493,Design,Overall
992494,NULL
992495,NULL
992496,NULL
992497,NULL
992499,NULL
992515,Overall,Prediction
992518,NULL
992520,NULL
992524,Overall,Prediction
992537,NULL
992539,NULL
992540,NULL
992552,CASP10,Overall,Prediction
992568,Design,Overall
992569,NULL
992570,NULL
992584,NULL
992585,Beginner
992586,Beginner
992592,Overall,Prediction,Symmetry
992604,NULL
992605,NULL
992606,NULL
992607,NULL
992608,NULL
992609,NULL
992611,NULL
992613,NULL
992615,NULL
992617,Overall,Prediction
992618,NULL
992619,NULL
992622,NULL
992625,Design,Overall,Symmetry
992632,CASP10,Overall,Prediction
992643,NULL
992650,CASP10,Overall,Prediction
992675,CASP10,Overall,Prediction
992679,NULL
992681,NULL
992695,NULL
992698,CASP10,Overall,Prediction
992713,NULL
992715,NULL
992718,CASP10,Overall,Prediction
992721,CASP10,Overall,Prediction
992726,NULL
992732,NULL
992734,NULL
992736,NULL
992742,NULL
992743,NULL
992747,CASP10,Overall,Prediction,Symmetry
992750,NULL
992766,NULL
992768,NULL
992772,CASP10,Overall,Prediction
992778,CASP10,Overall,Prediction
992784,CASP10,Overall,Prediction
992790,NULL
992794,NULL
992797,CASP10,Overall,Prediction
992801,NULL
992803,NULL
992810,CASP10,Overall,Prediction
992815,NULL
992817,NULL
992819,NULL
992821,NULL
992822,NULL
992835,NULL
992836,CASP10,Overall,Prediction
992837,Beginner
992838,Beginner
992844,NULL
992848,CASP10,Overall,Prediction
992854,NULL
992868,CASP10,Overall,Prediction
992869,NULL
992879,Design,Overall
992880,Beginner
992881,Beginner
992896,CASP10,Overall,Prediction
992901,NULL
992908,NULL
992909,NULL
992910,NULL
992911,NULL
992912,NULL
992913,Overall
992914,Beginner
992915,Beginner
992917,NULL
992921,CASP10,Overall,Prediction
992923,CASP10,Overall,Prediction
992928,NULL
992930,NULL
992933,NULL
992940,NULL
992941,CASP10,Overall,Prediction
992944,NULL
992952,CASP10,Overall,Prediction
992956,NULL
992963,NULL
992964,Design,Overall
992965,Beginner
992966,Beginner
992970,CASP10,Overall,Prediction
992974,NULL
992976,NULL
992980,NULL
992982,NULL
992984,CASP10,Overall,Prediction
992985,Beginner
992986,Beginner
992988,CASP10,Overall,Prediction
992993,CASP10,Overall,Prediction
993002,NULL
993010,CASP10,Overall,Prediction
993011,Beginner
993012,Beginner
993020,CASP10,Overall,Prediction
993025,NULL
993026,CASP10,Overall,Prediction
993036,CASP10,Overall,Prediction
993037,CASP10,Overall,Prediction
993052,Design,Symmetry
993053,Design,Overall,Symmetry
993054,NULL
993056,NULL
993058,NULL
993059,NULL
993060,NULL
993069,NULL
993072,CASP10,Overall,Prediction
993086,CASP10,Overall,Prediction
993089,CASP10,Overall,Prediction
993092,CASP10,Overall,Prediction
993093,Beginner
993094,Beginner
993100,CASP10,Overall,Prediction
993104,NULL
993106,NULL
993108,CASP10,Overall,Prediction
993117,CASP10,Overall,Prediction
993121,NULL
993123,NULL
993127,Design,Overall,Symmetry
993128,CASP10,Overall,Prediction
993130,CASP10,Overall,Prediction
993133,NULL
993135,NULL
993137,CASP10,Overall,Prediction
993141,NULL
993150,CASP10,Overall,Prediction
993155,CASP10,Overall,Prediction
993156,Beginner
993157,Beginner
993176,NULL
993180,NULL
993183,Overall
993184,Beginner
993185,Beginner
993194,CASP10,Overall,Prediction
993201,CASP10,Overall,Prediction
993202,Beginner
993203,Beginner
993210,CASP10,Overall,Prediction
993217,CASP10,Overall,Prediction
993225,NULL
993227,CASP10,Overall,Prediction
993229,Design,Overall
993231,NULL
993237,NULL
993240,NULL
993241,NULL
993242,NULL
993244,CASP10,Overall,Prediction
993245,Beginner
993246,Beginner
993251,CASP10,Overall,Prediction,Symmetry
993259,CASP10,Overall,Prediction
993260,Beginner
993261,Beginner
993263,NULL
993266,NULL
993271,CASP10,Overall,Prediction
993273,CASP10,Overall,Prediction
993276,NULL
993277,CASP10,Overall,Prediction
993278,CASP10,Overall,Prediction
993279,CASP10,Overall,Prediction
993289,NULL
993296,CASP10,Overall,Prediction
993297,Beginner
993298,Beginner
993301,NULL
993303,NULL
993305,NULL
993307,NULL
993309,Design,Overall,Symmetry
993322,Design,Overall,Symmetry
993326,NULL
993327,NULL
993329,Overall,Prediction,Symmetry
993339,NULL
993341,NULL
993344,NULL
993348,Overall,Prediction
993354,Overall
993355,Beginner
993356,Beginner
993359,Electron Density,Overall,Prediction
993360,Overall,Prediction
993379,NULL
993381,Overall,Prediction
993382,NULL
993393,NULL
993399,NULL
993405,Design,Overall,Symmetry
993413,Overall,Prediction
993414,Beginner
993415,Beginner
993422,NULL
993428,NULL
993435,NULL
993436,NULL
993441,NULL
993446,Overall,Prediction
993449,Design,Overall,Symmetry
993452,NULL
993456,NULL
993458,NULL
993459,NULL
993466,NULL
993482,Overall,Prediction
993487,Electron Density,Overall,Prediction
993488,Design,Overall,Symmetry
993498,Overall,Prediction
993499,Beginner
993500,Beginner
993503,NULL
993507,NULL
993509,NULL
993514,NULL
993550,NULL
993554,Electron Density,Overall,Prediction
993559,Design,Overall,Symmetry
993564,NULL
993568,Design,Overall
993569,Beginner
993570,Beginner
993578,NULL
993581,NULL
993583,NULL
993584,NULL
993599,NULL
993615,Overall,Prediction
993618,NULL
993620,NULL
993621,Overall
993622,Beginner
993623,Beginner
993624,Design,Overall,Symmetry
993653,Kinect
993654,Overall,Prediction
993657,Design,Overall,Symmetry
993658,NULL
993662,NULL
993666,NULL
993668,NULL
993669,NULL
993674,NULL
993682,NULL
993684,NULL
993686,NULL
993688,NULL
993692,NULL
993694,NULL
993696,NULL
993698,NULL
993707,NULL
993710,Overall,Prediction
993714,CASP ROLL,Overall,Prediction
993718,Design,Overall
993719,Beginner
993720,Beginner
993726,NULL
993728,NULL
993729,NULL
993731,NULL
993733,NULL
993735,NULL
993736,NULL
993737,NULL
993739,NULL
993745,NULL
993747,NULL
993748,CASP ROLL,Overall,Prediction
993751,NULL
993752,CASP ROLL,Overall,Prediction
993773,CASP ROLL,Overall,Prediction
993779,Design,Symmetry
993795,NULL
993796,NULL
993797,NULL
993798,NULL
993800,CASP ROLL,Overall,Prediction
993803,NULL
993806,Electron Density,Overall,Prediction
993807,CASP ROLL,Overall,Prediction
993810,NULL
993816,NULL
993829,Overall
993830,Beginner
993831,Beginner
993839,CASP ROLL,Overall,Prediction
993841,NULL
993847,CASP ROLL,Overall,Prediction
993850,NULL
993852,NULL
993860,NULL
993861,Electron Density,Overall,Prediction
993872,Design,Overall,Symmetry
993877,NULL
993878,CASP ROLL,Overall,Prediction
993884,NULL
993890,NULL
993896,Overall
993897,Beginner
993898,Beginner
993902,NULL
993907,NULL
993908,CASP ROLL,Overall,Prediction
993912,NULL
993922,NULL
993927,NULL
993932,NULL
993934,NULL
993935,Electron Density,Overall,Prediction
993938,Design,Overall,Symmetry
993941,NULL
993949,NULL
993951,NULL
993953,NULL
993955,NULL
993958,NULL
993961,NULL
993977,Electron Density,Overall,Prediction
993986,NULL
993991,Overall,Prediction
993992,Beginner
993994,Beginner
993995,NULL
993996,Beginner
993997,Beginner
994012,NULL
994014,NULL
994016,NULL
994018,NULL
994023,NULL
994025,NULL
994027,NULL
994034,Design,Overall
994035,Beginner
994036,Beginner
994040,NULL
994044,NULL
994049,NULL
994053,NULL
994055,NULL
994057,NULL
994059,NULL
994061,NULL
994063,NULL
994065,NULL
994067,Overall,Prediction
994068,Beginner
994069,Beginner
994074,NULL
994110,NULL
994134,NULL
994136,NULL
994137,NULL
994138,NULL
994140,NULL
994160,NULL
994161,Beginner
994162,Beginner
994167,Overall,Prediction
994168,Beginner
994169,Beginner
994177,NULL
994179,NULL
994181,NULL
994182,Electron Density,Overall,Prediction
994187,NULL
994189,NULL
994192,Electron Density,Overall,Prediction
994197,NULL
994202,NULL
994204,NULL
994220,NULL
994222,NULL
994226,Design,Overall
994227,Beginner
994228,Beginner
994238,Hand-Folding,Overall,Prediction
994252,NULL
994258,Electron Density,Overall,Prediction
994262,NULL
994264,NULL
994272,NULL
994279,NULL
994280,NULL
994281,NULL
994282,NULL
994283,NULL
994285,Overall,Prediction
994292,NULL
994294,Overall,Prediction
994302,Design,Overall,Symmetry
994303,NULL
994314,NULL
994320,Overall,Prediction
994323,NULL
994325,NULL
994341,NULL
994365,NULL
994366,NULL
994368,Overall,Prediction
994389,NULL
994390,Beginner
994391,Beginner
994395,NULL
994401,NULL
994403,NULL
994405,NULL
994407,NULL
994409,NULL
994418,Overall
994427,NULL
994435,NULL
994450,NULL
994451,CASP ROLL,Overall,Prediction
994456,CASP ROLL,Overall,Prediction
994460,NULL
994472,NULL
994485,NULL
994487,NULL
994490,Design,Overall,Symmetry
994497,NULL
994499,NULL
994501,NULL
994503,NULL
994515,CASP ROLL,Overall,Prediction,Symmetry
994521,Design,Overall
994522,Beginner
994523,Beginner
994526,NULL
994529,NULL
994531,NULL
994534,CASP ROLL,Overall,Prediction,Symmetry
994536,NULL
994538,NULL
994540,NULL
994543,NULL
994546,NULL
994551,Overall,Prediction
994556,NULL
994557,NULL
994559,NULL
994561,NULL
994562,NULL
994564,NULL
994570,NULL
994574,NULL
994575,Beginner
994576,Beginner
994585,NULL
994588,NULL
994590,NULL
994591,Design,Hand-Folding,Overall
994599,Electron Density,Overall,Prediction
994605,NULL
994608,NULL
994611,NULL
994613,NULL
994625,Design,Overall,Symmetry
994628,CASP10,Overall,Prediction
994638,NULL
994642,NULL
994649,NULL
994653,NULL
994675,NULL
994679,NULL
994682,NULL
994686,Design,Overall
994702,Hand-Folding,Overall,Prediction
994703,Beginner
994704,Beginner
994708,NULL
994710,Overall,Prediction
994719,NULL
994721,NULL
994727,Design,Overall
994729,NULL
994732,NULL
994733,NULL
994734,NULL
994742,NULL
994747,NULL
994749,NULL
994752,NULL
994755,NULL
994757,NULL
994761,NULL
994763,NULL
994769,Design,Overall,Symmetry
994778,NULL
994780,NULL
994782,CASP10,Hand-Folding,Overall,Prediction
994784,NULL
994787,Design,Overall,Symmetry
994788,Design,Overall,Symmetry
994792,NULL
994796,NULL
994801,NULL
994802,NULL
994803,NULL
994806,Overall,Prediction
994807,Beginner
994808,Beginner
994814,NULL
994815,NULL
994825,NULL
994827,NULL
994835,NULL
994836,NULL
994837,Beginner
994838,Beginner
994845,Hand-Folding,Overall,Prediction
994848,CASP10,Overall,Prediction
994850,NULL
994852,NULL
994855,NULL
994857,NULL
994871,NULL
994875,NULL
994883,NULL
994884,NULL
994885,NULL
994886,NULL
994891,Overall,Prediction
994903,Design,Hand-Folding,Overall
994905,Overall,Prediction
994906,Overall,Prediction
994907,Overall,Prediction
994908,NULL
994918,NULL
994920,NULL
994923,NULL
994928,Overall,Prediction
994938,NULL
994942,NULL
994943,Overall,Prediction
994953,NULL
994956,NULL
994958,NULL
994976,Design,Overall
994977,Overall,Prediction
994978,Hand-Folding,Overall,Prediction
994987,NULL
994993,NULL
994995,NULL
994999,NULL
995001,NULL
995003,NULL
995004,Overall,Prediction
995005,NULL
995006,Beginner
995007,Beginner
995014,Overall,Prediction
995023,NULL
995031,NULL
995036,NULL
995049,Hand-Folding,Overall,Prediction
995053,NULL
995058,Overall,Prediction
995062,NULL
995064,NULL
995073,Design,Overall,Symmetry
995078,NULL
995086,Hand-Folding,Overall,Prediction
995100,NULL
995101,Overall,Prediction
995102,Overall,Prediction
995103,Overall,Prediction
995107,Design,Overall
995108,Electron Density,Overall,Prediction
995126,NULL
995129,NULL
995131,Overall,Prediction
995134,NULL
995138,NULL
995145,NULL
995154,NULL
995156,NULL
995158,NULL
995159,NULL
995165,Overall,Prediction
995166,Beginner
995167,Beginner
995168,NULL
995169,Beginner
995170,Beginner
995174,NULL
995186,CASP ROLL,Overall,Prediction
995193,Design,Hand-Folding,Overall
995206,NULL
995207,NULL
995224,Overall,Prediction
995225,Beginner
995226,Beginner
995232,Design,Overall,Symmetry
995235,Design,Hand-Folding,Overall
995253,Design,Overall
995257,NULL
995260,CASP ROLL,Overall,Prediction
995268,Electron Density,Overall,Prediction
995273,NULL
995275,NULL
995277,NULL
995281,Design,Overall,Symmetry
995282,Overall,Prediction
995283,Beginner
995284,Beginner
995288,NULL
995292,NULL
995294,Design,Overall
995305,NULL
995306,Hand-Folding,Overall,Prediction
995313,NULL
995315,Overall,Prediction
995317,NULL
995321,NULL
995322,NULL
995323,Beginner
995324,Beginner
995325,NULL
995326,NULL
995328,Electron Density,Overall,Prediction
995342,NULL
995347,Overall,Prediction
995364,NULL
995366,NULL
995369,Overall,Prediction
995373,NULL
995376,Design,Overall
995378,Beginner
995379,Beginner
995381,Overall,Prediction
995386,NULL
995393,Design,Overall
995398,Hand-Folding,Overall,Prediction
995399,Overall,Prediction
995406,NULL
995409,NULL
995410,NULL
995412,Beginner
995413,Beginner
995414,NULL
995421,NULL
995428,NULL
995443,Hand-Folding,Overall,Prediction
995445,Overall,Prediction
995448,Overall,Prediction
995452,NULL
995458,NULL
995463,NULL
995465,NULL
995470,Electron Density,Overall,Prediction
995475,NULL
995477,NULL
995479,Design,Overall,Symmetry
995483,Overall,Prediction
995487,NULL
995494,NULL
995495,Overall,Prediction
995501,NULL
995502,NULL
995508,NULL
995509,Beginner
995513,NULL
995517,NULL
995522,NULL
995524,NULL
995529,NULL
995531,NULL
995533,NULL
995536,Overall,Prediction
995542,NULL
995546,NULL
995550,CASP ROLL,Electron Density,Overall,Prediction
995553,NULL
995554,NULL
995555,NULL
995562,Overall,Prediction
995566,CASP ROLL,Hand-Folding,Overall,Prediction
995573,NULL
995575,NULL
995577,NULL
995578,NULL
995579,Beginner
995584,NULL
995586,NULL
995587,NULL
995592,Overall,Prediction
995605,CASP ROLL,Electron Density,Overall,Prediction
995608,NULL
995612,Overall,Prediction
995616,CASP ROLL,Overall,Prediction
995617,CASP ROLL,Overall,Prediction
995622,Design,Overall,Symmetry
995631,NULL
995634,NULL
995637,NULL
995638,Beginner
995644,Overall,Prediction
995646,NULL
995647,Beginner
995652,NULL
995657,Electron Density,Overall,Prediction
995662,Hand-Folding,Overall,Prediction
995675,NULL
995679,NULL
995680,NULL
995683,Overall,Prediction
995691,CASP ROLL,Overall,Prediction
995698,NULL
995699,Beginner
995701,NULL
995708,NULL
995716,Overall,Prediction
995718,NULL
995727,Overall,Prediction
995729,Overall,Prediction
995734,CASP ROLL,Overall,Prediction
995740,NULL
995741,Beginner
995751,Design,Overall,Symmetry
995753,NULL
995754,NULL
995755,NULL
995756,NULL
995757,NULL
995758,NULL
995759,NULL
995760,NULL
995762,NULL
995768,NULL
995771,NULL
995773,NULL
995777,Electron Density,Overall,Prediction
995781,NULL
995787,NULL
995795,Overall,Prediction
995798,NULL
995801,NULL
995805,Hand-Folding,Overall,Prediction
995820,Beginner
995825,Overall,Prediction
995829,NULL
995831,NULL
995833,NULL
995835,Design,Overall
995838,Overall,Prediction
995843,NULL
995844,Overall,Prediction
995846,NULL
995848,NULL
995850,NULL
995858,NULL
995859,NULL
995864,Electron Density,Overall,Prediction
995866,NULL
995868,NULL
995873,NULL
995874,Beginner
995875,Hand-Folding,Overall,Prediction
995877,Overall,Prediction
995879,NULL
995881,NULL
995888,Design,Overall
995891,NULL
995904,Overall,Prediction
995907,Overall,Prediction
995908,Beginner
995911,Design,Overall,Symmetry
995915,NULL
995917,NULL
995920,NULL
995921,NULL
995922,NULL
995924,NULL
995931,NULL
995932,NULL
995934,NULL
995936,NULL
995940,NULL
995947,Overall,Prediction
995957,Overall,Prediction
995960,NULL
995961,NULL
995968,Beginner
995972,Hand-Folding,Overall,Prediction
995976,NULL
995978,Overall,Prediction
995981,NULL
995988,NULL
995989,Design,Overall,Symmetry
995996,Overall,Prediction
995997,Beginner
996006,NULL
996010,Overall,Prediction
996012,NULL
996015,NULL
996023,Electron Density,Overall,Prediction
996025,NULL
996029,NULL
996034,NULL
996035,Overall,Prediction
996038,Beginner
996040,NULL
996042,NULL
996043,Design,Overall
996044,Overall,Prediction
996049,NULL
996052,NULL
996055,Overall,Prediction
996058,NULL
996060,NULL
996062,NULL
996064,NULL
996065,Beginner
996066,NULL
996068,Overall,Prediction
996072,Overall,Prediction
996075,NULL
996078,Overall,Prediction
996084,Overall,Prediction
996086,NULL
996087,NULL
996090,NULL
996091,Overall,Prediction
996094,Beginner
996103,NULL
996108,NULL
996111,Design,Overall
996122,NULL
996125,NULL
996128,NULL
996129,NULL
996130,NULL
996150,Overall,Prediction
996151,Overall,Prediction
996152,Beginner
996159,NULL
996162,NULL
996166,NULL
996167,NULL
996169,NULL
996179,NULL
996193,Design,Overall
996197,Overall,Prediction
996198,Overall,Prediction
996201,Overall,Prediction
996204,NULL
996209,Beginner
996213,NULL
996230,NULL
996235,NULL
996238,NULL
996247,Design,Overall,Symmetry
996249,NULL
996257,NULL
996259,NULL
996262,Overall,Prediction
996263,Beginner
996267,Electron Density,Hand-Folding,Overall,Prediction
996279,NULL
996286,Design,Overall
996288,NULL
996291,NULL
996292,NULL
996293,NULL
996299,Overall,Prediction
996302,Beginner
996305,NULL
996312,Electron Density,Overall,Prediction
996313,NULL
996322,Design,Overall
996324,Overall,Prediction
996326,Beginner
996330,NULL
996336,Electron Density,Hand-Folding,Overall,Prediction
996337,Design,Overall,Symmetry
996338,Design,Overall,Symmetry
996349,NULL
996352,NULL
996353,Electron Density,Overall,Prediction
996355,Overall,Prediction
996356,Beginner
996360,NULL
996362,NULL
996364,NULL
996366,NULL
996369,NULL
996371,NULL
996388,NULL
996390,NULL
996394,NULL
996399,Design,Overall
996401,NULL
996405,Overall,Prediction
996406,Beginner
996408,CASP ROLL,Overall,Prediction
996414,NULL
996417,NULL
996418,NULL
996420,NULL
996422,NULL
996423,NULL
996425,NULL
996427,NULL
996429,NULL
996432,Overall,Prediction
996439,NULL
996440,NULL
996442,NULL
996445,NULL
996447,NULL
996448,Beginner
996449,Overall,Prediction
996450,NULL
996451,CASP ROLL,Overall,Prediction
996461,CASP ROLL,Overall,Prediction
996469,NULL
996474,NULL
996475,Overall,Prediction
996478,Beginner
996492,Design,Overall,Symmetry
996494,Electron Density,Overall,Prediction
996497,NULL
996500,NULL
996501,NULL
996503,NULL
996506,NULL
996508,CASP ROLL,Overall,Prediction
996511,Design,Overall
996513,Beginner
996517,NULL
996519,NULL
996521,NULL
996523,NULL
996532,NULL
996536,Beginner
996539,NULL
996543,Overall,Prediction
996547,Hand-Folding,Overall,Prediction
996552,NULL
996560,Design,Overall
996567,NULL
996572,NULL
996574,Overall,Prediction
996575,Beginner
996595,NULL
996617,NULL
996619,NULL
996621,Overall,Prediction
996630,NULL
996635,NULL
996655,Overall,Prediction
996660,Beginner
996669,NULL
996672,NULL
996676,NULL
996686,NULL
996688,Design,Overall
996697,NULL
996720,Overall,Prediction
996723,Beginner
996727,NULL
996730,NULL
996749,Design,Overall
996752,Hand-Folding,Overall,Prediction
996754,Overall,Prediction
996758,NULL
996759,Beginner
996760,Beginner
996761,Beginner
996762,Beginner
996763,Beginner
996764,Beginner
996784,NULL
996788,NULL
996789,NULL
996790,NULL
996791,NULL
996792,NULL
996793,NULL
996794,NULL
996795,NULL
996799,NULL
996801,NULL
996802,Beginner
996810,NULL
996813,CASP ROLL,Overall,Prediction
996826,NULL
996829,NULL
996837,Overall,Prediction
996846,Overall,Prediction
996847,Beginner
996853,NULL
996855,NULL
996857,NULL
996861,CASP ROLL,Overall,Prediction
996869,Design,Overall
996898,Overall,Prediction
996904,NULL
996907,Beginner
996918,NULL
996919,Design,Overall
997044,NULL
997046,NULL
997048,NULL
997060,NULL
997061,Design,Overall,Symmetry
997071,Design,Overall,Symmetry
997075,Overall,Prediction
997079,Beginner
997088,NULL
997108,NULL
997111,Hand-Folding,Overall,Prediction
997118,Hand-Folding,Overall,Prediction
997122,NULL
997127,NULL
997128,Overall,Prediction
997130,Beginner
997138,Design,Overall,Symmetry
997139,Design,Overall,Symmetry
997150,NULL
997154,NULL
997155,NULL
997157,NULL
997168,NULL
997169,NULL
997171,NULL
997173,Overall,Prediction
997177,Design,Overall
997186,Overall,Prediction
997188,NULL
997189,Beginner
997191,NULL
997196,NULL
997198,NULL
997203,Design,Overall,Symmetry
997207,NULL
997210,NULL
997218,NULL
997224,NULL
997225,NULL
997226,NULL
997238,Hand-Folding,Overall,Prediction
997244,Overall,Prediction
997247,Design,Overall
997249,Beginner
997251,NULL
997258,Design,Overall
997273,NULL
997275,Overall,Prediction
997280,Overall,Prediction
997283,NULL
997287,Beginner
997294,NULL
997297,Overall,Prediction
997309,NULL
997310,NULL
997315,Overall,Prediction
997324,Overall,Prediction
997327,NULL
997328,Beginner
997335,NULL
997337,NULL
997339,NULL
997341,NULL
997343,NULL
997347,Design,Overall
997349,NULL
997351,NULL
997353,NULL
997362,Overall,Prediction
997364,Overall,Prediction
997367,NULL
997369,NULL
997376,Overall,Prediction
997378,Beginner
997383,Design,Overall
997387,NULL
997400,NULL
997402,NULL
997404,NULL
997406,NULL
997414,Overall,Prediction
997418,Overall,Prediction
997422,NULL
997425,NULL
997426,NULL
997427,NULL
997428,NULL
997430,NULL
997432,NULL
997434,NULL
997436,NULL
997438,NULL
997439,Overall,Prediction
997447,Overall,Prediction
997449,NULL
997451,NULL
997453,NULL
997455,NULL
997456,Beginner
997461,Design,Overall
997463,Overall,Prediction
997473,Overall,Prediction
997476,Overall,Prediction
997480,NULL
997486,Overall,Prediction
997499,NULL
997501,NULL
997503,NULL
997508,Overall,Prediction
997509,Beginner
997523,Design,Overall
997525,Design,Overall
997529,Overall,Prediction
997541,NULL
997542,Overall,Prediction
997551,NULL
997552,NULL
997553,NULL
997554,Overall,Prediction
997555,Beginner
997558,NULL
997560,NULL
997561,NULL
997562,NULL
997564,NULL
997565,NULL
997569,NULL
997571,NULL
997572,NULL
997577,NULL
997579,NULL
997590,NULL
997597,Overall,Prediction
997602,Design,Overall
997604,Beginner
997611,Overall,Prediction
997612,Design,Overall
997614,CASP11,Overall,Prediction
997620,Design,Overall
997639,NULL
997640,Beginner
997647,CASP11,Overall,Prediction
997654,CASP11,Overall,Prediction
997658,NULL
997673,CASP11,Overall,Prediction
997676,Design,Overall
997681,NULL
997693,NULL
997694,NULL
997698,CASP11,Overall,Prediction
997701,NULL
997703,NULL
997704,NULL
997705,NULL
997707,Beginner
997708,CASP11,Overall,Prediction
997710,NULL
997714,NULL
997715,CASP11,Overall,Prediction
997721,CASP11,Overall,Prediction
997730,NULL
997732,NULL
997733,NULL
997735,NULL
997738,NULL
997739,CASP11,Overall,Prediction
997742,NULL
997744,NULL
997752,NULL
997759,CASP11,Overall,Prediction
997764,NULL
997765,NULL
997766,NULL
997775,Beginner
997776,NULL
997777,NULL
997779,NULL
997783,CASP11,Overall,Prediction
997788,NULL
997789,CASP11,Overall,Prediction
997791,Design,Overall
997796,CASP11,Overall,Prediction
997805,CASP11,Overall,Prediction
997806,Overall,Prediction,Symmetry
997808,CASP11,Overall,Prediction,Symmetry
997809,CASP11,Overall,Prediction
997811,Beginner
997817,NULL
997824,NULL
997826,NULL
997828,NULL
997830,NULL
997832,NULL
997834,NULL
997836,NULL
997838,NULL
997840,NULL
997842,NULL
997844,NULL
997846,NULL
997848,NULL
997850,NULL
997852,NULL
997854,NULL
997856,NULL
997858,NULL
997860,NULL
997862,NULL
997864,NULL
997866,NULL
997868,NULL
997871,CASP11,Overall,Prediction
997875,NULL
997877,NULL
997893,CASP11,Overall,Prediction
997899,NULL
997903,NULL
997905,NULL
997906,NULL
997910,NULL
997913,NULL
997914,Beginner
997915,Design,Overall
997920,CASP11,Overall,Prediction,Symmetry
997922,CASP11,Overall,Predicted Contacts,Prediction
997927,NULL
997934,NULL
997935,CASP11,Overall,Prediction
997938,NULL
997940,CASP11,Overall,Prediction
997941,CASP11,Overall,Prediction
997949,CASP11,Overall,Prediction
997950,NULL
997951,NULL
997952,NULL
997954,NULL
997956,NULL
997958,NULL
997966,Beginner
997967,CASP11,Overall,Predicted Contacts,Prediction
997976,NULL
997978,NULL
997983,NULL
997989,NULL
997991,NULL
998001,CASP11,Overall,Prediction
998003,CASP11,Overall,Prediction
998008,NULL
998016,Design,Overall
998019,NULL
998023,NULL
998037,NULL
998038,Beginner
998043,CASP11,Overall,Predicted Contacts,Prediction
998048,CASP11,Overall,Prediction
998049,CASP11,Overall,Prediction
998055,NULL
998061,CASP11,Overall,Prediction
998062,CASP11,Overall,Prediction
998070,Beginner
998071,CASP11,Overall,Predicted Contacts,Prediction
998073,CASP11,Overall,Prediction
998077,CASP11,Overall,Prediction
998087,CASP11,Overall,Prediction
998088,CASP11,Overall,Prediction
998090,CASP11,Overall,Prediction
998098,CASP11,Overall,Prediction
998103,CASP11,Overall,Prediction
998107,CASP11,Overall,Prediction
998108,Beginner
998113,NULL
998115,NULL
998121,NULL
998124,CASP11,Overall,Prediction
998126,NULL
998131,NULL
998133,NULL
998134,CASP11,Overall,Predicted Contacts,Prediction
998136,Beginner
998143,Design,Overall
998147,CASP11,Overall,Prediction
998150,NULL
998152,NULL
998155,CASP11,Overall,Predicted Contacts,Prediction
998156,CASP11,Overall,Predicted Contacts,Prediction
998158,CASP11,Overall,Prediction
998160,CASP11,Overall,Prediction
998168,Beginner
998171,NULL
998172,CASP11,Overall,Prediction
998179,CASP11,Overall,Prediction
998183,NULL
998186,CASP11,Overall,Prediction
998191,CASP11,Overall,Prediction
998198,CASP11,Overall,Prediction
998201,CASP11,Overall,Prediction
998205,Beginner
998207,CASP11,Overall,Prediction
998214,NULL
998216,CASP11,Overall,Predicted Contacts,Prediction
998219,CASP11,Overall,Prediction
998228,NULL
998229,CASP11,Overall,Predicted Contacts,Prediction
998231,CASP11,Overall,Prediction
998233,NULL
998237,NULL
998240,NULL
998244,CASP11,Overall,Prediction
998245,CASP11,Overall,Prediction
998247,CASP11,Overall,Prediction
998248,CASP11,Overall,Prediction
998250,Beginner
998252,Design,Overall
998257,CASP11,Overall,Predicted Contacts,Prediction
998262,CASP11,Overall,Predicted Contacts,Prediction
998263,CASP11,Overall,Prediction
998264,CASP11,Overall,Prediction
998265,CASP11,Overall,Prediction
998268,NULL
998270,NULL
998272,Beginner
998273,CASP11,Overall,Predicted Contacts,Prediction
998275,CASP11,Overall,Predicted Contacts,Prediction
998289,CASP11,Overall,Predicted Contacts,Prediction
998290,CASP11,Overall,Predicted Contacts,Prediction
998295,NULL
998297,NULL
998298,CASP11,Overall,Predicted Contacts,Prediction
998303,NULL
998304,NULL
998306,NULL
998308,CASP11,Overall,Predicted Contacts,Prediction
998312,Beginner
998315,Design,Overall
998318,NULL
998325,NULL
998328,Overall,Prediction
998330,NULL
998343,NULL
998350,NULL
998358,Design,Overall
998363,Beginner
998368,Design,Overall
998375,NULL
998376,Overall,Predicted Contacts,Prediction
998387,Overall,Prediction
998394,Design,Overall
998397,Beginner
998399,NULL
998405,Overall,Predicted Contacts,Prediction
998406,Design,Overall
998411,Overall,Prediction
998421,Beginner
998422,Beginner
998423,Beginner
998424,Beginner
1998422,Overall,Prediction
1998423,Overall,Prediction
1998424,Overall,Predicted Contacts,Prediction
1998437,NULL
1998439,NULL
1998442,NULL
1998459,Overall,Prediction
1998462,NULL
1998468,Overall,Prediction
1998469,Design,Overall
1998474,NULL
1998480,NULL
1998481,NULL
1998482,NULL
1998483,NULL
1998485,NULL
1998490,Beginner
1998493,Overall,Prediction
1998494,NULL
1998503,Overall,Prediction
1998509,Overall,Prediction
1998513,NULL
1998515,NULL
1998520,Design,Overall
1998524,NULL
1998525,Beginner
1998526,Overall,Prediction
1998529,NULL
1998534,NULL
1998536,NULL
1998548,Overall,Prediction
1998550,NULL
1998553,NULL
1998555,Design,Overall
1998557,NULL
1998560,NULL
1998565,Overall,Prediction
1998570,NULL
1998572,Design,Overall
1998582,Design,Overall
1998585,NULL
1998587,Overall,Prediction
1998588,Overall,Prediction
1998596,Beginner
1998599,NULL
1998613,Design,Overall
1998618,NULL
1998619,Overall,Prediction
1998630,Beginner
1998631,Overall,Prediction
1998633,NULL
1998639,NULL
1998641,NULL
1998642,NULL
1998649,NULL
1998651,Design,Overall
1998655,NULL
1998657,NULL
1998660,Overall,Prediction
1998666,Overall,Prediction
1998667,Beginner
1998673,NULL
1998675,NULL
1998677,NULL
1998679,NULL
1998682,NULL
1998685,NULL
1998688,Design,Overall
1998690,NULL
1998696,Overall,Prediction
1998699,Overall,Prediction
1998700,Beginner
1998704,NULL
1998705,NULL
1998707,NULL
1998708,NULL
1998709,Design,Overall
1998711,NULL
1998728,NULL
1998729,Overall,Prediction
1998731,NULL
1998735,Overall,Prediction
1998738,Beginner
1998740,NULL
1998744,NULL
1998746,NULL
1998748,Design,Overall
1998749,NULL
1998751,NULL
1998754,NULL
1998759,NULL
1998775,NULL
1998776,Overall,Prediction
1998780,Design,Overall,Symmetry
1998782,NULL
1998787,Electron Density,Overall,Prediction
1998793,NULL
1998795,NULL
1998797,NULL
1998799,NULL
1998801,NULL
1998803,NULL
1998806,Beginner
1998811,NULL
1998814,NULL
1998817,NULL
1998820,NULL
1998825,Design,Overall
1998830,NULL
1998831,Overall,Prediction
1998833,Beginner
1998835,NULL
1998837,NULL
1998838,NULL
1998839,NULL
1998840,NULL
1998841,NULL
1998843,NULL
1998845,NULL
1998847,NULL
1998849,NULL
1998855,NULL
1998857,NULL
1998864,NULL
1998873,NULL
1998874,Overall,Prediction
1998877,Beginner
1998881,Design,Overall
1998887,NULL
1998894,Electron Density,Overall,Prediction
1998896,NULL
1998901,Overall,Prediction
1998908,Beginner
1998909,NULL
1998910,NULL
1998912,Design,Overall,Symmetry
1998914,Electron Density,Overall,Prediction
1998919,NULL
1998923,NULL
1998925,Design,Overall
1998927,Overall,Prediction
1998928,Overall,Prediction
1998931,Beginner
1999031,NULL
2000151,Hand-Folding,Overall,Prediction
2000161,Design,Overall
2000168,Overall,Prediction
2000178,NULL
2000180,Design,Electron Density,Overall
2000191,NULL
2000196,Overall,Prediction
2000199,Design,Overall
2000208,Overall,Prediction
2000223,NULL
2000225,NULL
2000230,Hand-Folding,Overall,Prediction
2000240,Design,Overall
2000243,Overall,Prediction
2000246,NULL
2000249,NULL
2000251,NULL
2000260,NULL
2000263,Overall,Prediction
2000272,NULL
2000279,NULL
2000281,NULL
2000284,Design,Overall,Symmetry
2000289,Overall,Prediction
2000292,Electron Density,Overall,Prediction
2000295,NULL
2000297,NULL
2000319,NULL
2000321,Design,Overall
2000325,NULL
2000329,Overall,Prediction
2000332,Design,Overall
2000336,NULL
2000338,NULL
2000340,Electron Density,Overall,Prediction
2000367,Beginner
2000368,Beginner
2000369,Beginner
2000370,Beginner
2000371,Beginner
2000372,Beginner
2000374,NULL
2000376,NULL
2000378,NULL
2000380,NULL
2000384,Overall,Prediction
2000387,NULL
2000389,NULL
2000392,NULL
2000394,NULL
2000398,Overall,Prediction,Symmetry
2000399,Design,Overall
2000402,Design,Overall,Symmetry
2000414,Overall,Prediction
2000423,Electron Density,Overall,Prediction
2000426,NULL
2000431,NULL
2000433,NULL
2000435,Overall,Prediction
2000442,Design,Overall
2000444,NULL
2000448,NULL
2000457,Design,Overall,Symmetry
2000458,Design,Overall,Symmetry
2000461,NULL
2000463,NULL
2000471,Overall,Prediction
2000472,Beginner
2000475,NULL
2000481,Hand-Folding,Overall,Prediction
2000483,NULL
2000485,Design,Overall
2000487,NULL
2000489,NULL
2000491,NULL
2000494,NULL
2000496,Overall,Prediction
2000498,Beginner
2000500,NULL
2000507,NULL
2000510,NULL
2000512,Overall,Prediction
2000518,Design,Overall
2000521,Beginner
2000522,Overall,Prediction
2000524,Overall,Prediction
2000547,Beginner
2000548,Design,Overall,Symmetry
2000551,Overall,Prediction
2000554,NULL
2000558,NULL
2000562,NULL
2000564,Beginner
2000567,NULL
2000569,Design,Overall,Symmetry
2000576,Electron Density,Overall,Prediction
2000577,Overall,Prediction
2000582,NULL
2000584,NULL
2000587,NULL
2000589,NULL
2000594,Beginner
2000597,Design,Overall
2000599,NULL
2000600,Overall,Prediction
2000602,NULL
2000603,Design,Overall
2000609,NULL
2000611,Beginner
2000617,NULL
2000618,Design,Overall
2000622,NULL
2000624,Overall,Prediction
2000633,Design,Overall
2000636,Beginner
2000638,NULL
2000641,NULL
2000644,Electron Density,Overall,Prediction
2000646,Overall,Prediction
2000648,NULL
2000649,NULL
2000651,NULL
2000653,NULL
2000655,Hand-Folding,Overall,Prediction
2000659,NULL
2000662,NULL
2000663,NULL
2000664,Beginner
2000665,Design,Overall
2000671,Overall,Prediction
2000678,Overall,Prediction
2000685,Beginner
2000687,Design,Overall
2000691,NULL
2000694,NULL
2000696,Overall,Prediction
2000704,NULL
2000706,NULL
2000708,NULL
2000709,NULL
2000712,Beginner
2000714,Design,Overall,Symmetry
2000716,NULL
2000718,NULL
2000726,Electron Density,Overall,Prediction
2000728,Overall,Prediction
2000730,NULL
2000737,NULL
2000740,NULL
2000743,Design,Overall,Symmetry
2000745,Beginner
2000749,NULL
2000753,NULL
2000754,Electron Density,Overall,Prediction
2000757,Overall,Prediction
2000765,Design,Overall
2000771,Beginner
2000778,Hand-Folding,Overall,Prediction
2000780,NULL
2000785,Overall,Prediction
2000790,Design,Overall
2000793,NULL
2000795,Beginner
2000800,Design,Overall
2000801,Overall,Prediction
2000804,NULL
2000806,NULL
2000808,NULL
2000809,NULL
2000813,Overall,Prediction
2000816,NULL
2000819,Beginner
2000824,Design,Overall
2000825,NULL
2000833,NULL
2000837,NULL
2000838,Overall,Prediction
2000840,Design,Overall
2000841,Beginner
2000842,Design,Overall
2000844,Overall,Prediction
2000846,NULL
2000852,NULL
2000856,Hand-Folding,Overall,Prediction
2000859,Beginner
2000862,Design,Overall
2000866,NULL
2000886,Overall,Prediction
2000891,NULL
2000893,NULL
2000902,Design,Overall
2000903,Beginner
2000906,Design,Overall,Symmetry
2000909,NULL
2000910,NULL
2000914,NULL
2000916,NULL
2000920,NULL
2000923,Overall,Prediction
2000926,Overall,Prediction
2000929,Beginner
2000931,NULL
2000933,NULL
2000934,NULL
2000937,Design,Overall
2000940,NULL
2000942,NULL
2000944,NULL
2000945,Overall,Prediction
2000948,NULL
2000950,NULL
2000953,Overall,Predicted Contacts,Prediction
2000955,Beginner
2000961,Design,Overall,Symmetry
2000963,NULL
2000966,Overall,Prediction
2000967,Design,Overall
2000971,NULL
2000974,Beginner
2000977,Design,Overall,Symmetry
2000980,NULL
2000982,NULL
2000983,Overall,Prediction
2000987,NULL
2000990,NULL
2000992,Beginner
2000994,NULL
2000995,Overall,Prediction
2000997,NULL
2000999,NULL
2001007,NULL
2001009,NULL
2001011,Overall,Prediction
2001014,NULL
2001015,Design,Overall
2001017,NULL
2001019,NULL
2001020,Beginner
2001022,Overall,Predicted Contacts,Prediction
2001024,NULL
2001038,Overall,Prediction
2001043,NULL
2001044,Design,Overall
2001045,NULL
2001046,Beginner
2001054,Overall,Prediction
2001062,NULL
2001065,NULL
2001066,Overall,Prediction
2001074,Design,Overall,Symmetry
2001075,Beginner
2001081,Overall,Prediction
2001087,NULL
2001090,Overall,Prediction
2001100,Beginner
2001101,Design,Overall,Symmetry
2001112,NULL
2001113,Overall,Predicted Contacts,Prediction
2001117,Overall,Prediction
2001124,Design,Overall,Symmetry
2001130,Beginner
2001145,Overall,Prediction
2001147,Overall,Prediction
2001157,NULL
2001159,NULL
2001161,NULL
2001164,Beginner
2001168,NULL
2001170,NULL
2001172,NULL
2001175,Design,Overall
2001178,NULL
2001183,Overall,Predicted Contacts,Prediction
2001185,Overall,Prediction
2001191,Beginner
2001194,NULL
2001196,NULL
2001209,Design,Overall,Symmetry
2001215,Overall,Prediction
2001217,NULL
2001220,Beginner
2001234,Overall,Prediction
2001238,NULL
2001245,NULL
2001249,Overall,Prediction
2001253,Beginner
2001255,Design,Overall
2001264,NULL
2001266,NULL
2001268,NULL
2001271,NULL
2001275,NULL
2001281,NULL
2001287,Overall,Prediction
2001291,Overall,Prediction
2001294,Beginner
2001299,NULL
2001302,NULL
2001306,Design,Overall,Symmetry
2001308,Overall,Predicted Contacts,Prediction
2001311,Overall,Prediction
2001314,NULL
2001317,NULL
2001318,Beginner
2001319,NULL
2001331,Design,Overall,Symmetry
2001338,Overall,Prediction
2001342,Beginner
2001344,Electron Density,Overall,Prediction
2001347,NULL
2001355,NULL
2001366,Overall,Prediction
2001370,NULL
2001380,NULL
2001382,Beginner
2001389,NULL
2001391,NULL
2001404,Overall,Prediction
2001407,Design,Overall,Symmetry
2001408,Beginner
2001416,NULL
2001421,NULL
2001432,NULL
2001433,Overall,Prediction
2001438,NULL
2001440,Beginner
2001442,NULL
2001445,NULL
2001450,Design,Overall
2001453,Design,Overall
2001457,NULL
2001465,NULL
2001472,Overall,Prediction
2001475,NULL
2001476,Beginner
2001478,Design,Overall
2001481,NULL
2001483,NULL
2001489,Design,Overall
2001498,NULL
2001500,NULL
2001509,Overall,Prediction
2001512,Overall,Prediction
2001513,Beginner
2001514,Design,Overall
2001520,NULL
2001523,NULL
2001528,NULL
2001530,NULL
2001532,NULL
2001540,Overall,Prediction
2001542,NULL
2001544,NULL
2001546,NULL
2001548,Beginner
2001552,Overall,Prediction
2001557,NULL
2001559,NULL
2001561,NULL
2001564,NULL
2001565,NULL
2001566,Design,Overall
2001568,NULL
2001569,NULL
2001571,NULL
2001573,NULL
2001577,NULL
2001579,NULL
2001581,Overall,Prediction
2001582,Beginner
2001589,NULL
2001603,Overall,Prediction
2001650,NULL
2001651,Design,Overall
2001653,NULL
2001658,NULL
2001664,Overall,Prediction
2001666,NULL
2001668,NULL
2001671,Beginner
2001672,Design,Overall,Symmetry
2001674,Design,Overall
2001690,NULL
2001692,Overall,Prediction
2001693,Design,Overall,Symmetry
2001694,Overall,Prediction
2001695,Overall,Prediction
2001696,Beginner
2001697,Overall,Prediction
2001701,NULL
2001704,NULL
2001707,NULL
2001709,Beginner
2001712,NULL
2001723,Overall,Prediction
2001729,Beginner
2001734,Design,Overall,Symmetry
2001738,Overall,Prediction
2001744,NULL
2001746,NULL
2001757,Overall,Prediction
2001759,Beginner
2001767,Design,Overall
2001773,NULL
2001779,Overall,Prediction
2001783,Overall,Prediction
2001788,Beginner
2001794,Overall,Prediction
2001800,NULL
2001803,Overall,Prediction
2001816,Beginner
2001822,Design,Overall,Symmetry
2001825,Overall,Prediction
2001836,NULL
2001842,NULL
2001845,Overall,Prediction
2001847,NULL
2001849,NULL
2001851,Beginner
2001857,Overall,Prediction
2001860,Design,Overall,Symmetry
2001862,NULL
2001866,NULL
2002022,NULL
2002024,NULL
2002032,NULL
2002051,Overall,Prediction
2002052,Beginner
2002056,Electron Density,Overall,Prediction
2002058,Overall,Prediction
2002069,NULL
2002071,NULL
2002081,Overall,Prediction
2002082,Beginner
2002089,Design,Overall
2002091,NULL
2002093,Overall,Prediction
2002100,Overall,Prediction
2002102,Small Molecule Design
2002103,Beginner
2002106,NULL
2002107,NULL
2002108,Design,Overall
2002110,Overall,Prediction
2002114,NULL
2002116,NULL
2002118,NULL
2002120,NULL
2002126,Overall,Prediction
2002128,Beginner
2002131,NULL
2002133,NULL
2002138,NULL
2002140,Design,Overall
2002141,Overall,Prediction
2002150,Overall,Prediction
2002153,NULL
2002156,Beginner
2002158,Design,Overall
2002161,NULL
2002166,Overall,Prediction
2002171,Overall,Prediction
2002176,NULL
2002184,Design,Overall
2002185,Beginner
2002196,Overall,Prediction
2002212,Overall,Prediction
2002217,Beginner
2002224,Design,Overall
2002227,NULL
2002232,Overall,Prediction
2002239,Overall,Prediction
2002241,Beginner
2002243,Design,Overall
2002244,Design,Overall
2002247,NULL
2002249,NULL
2002251,NULL
2002253,NULL
2002255,Overall,Prediction
2002267,Overall,Prediction
2002269,NULL
2002273,NULL
2002274,NULL
2002275,NULL
2002277,Beginner
2002280,NULL
2002282,NULL
2002284,NULL
2002290,Design,Overall
2002294,Overall,Prediction
2002299,Overall,Prediction
2002301,Beginner
2002304,NULL
2002308,Design,Overall
2002315,NULL
2002322,NULL
2002324,NULL
2002327,Overall,Prediction
2002332,Beginner
2002334,Design,Overall
2002339,NULL
2002341,NULL
2002345,NULL
2002346,Overall,Prediction
2002355,Small Molecule Design
2002356,Overall,Prediction
2002366,Beginner
2002372,NULL
2002376,Design,Overall
2002379,NULL
2002381,NULL
2002383,NULL
2002385,NULL
2002390,NULL
2002395,NULL
2002399,Overall,Predicted Contacts,Prediction
2002402,NULL
2002405,NULL
2002411,Overall,Prediction
2002413,NULL
2002415,NULL
2002417,NULL
2002420,Beginner
2002425,Design,Overall
2002429,Electron Density,Overall,Prediction
2002435,NULL
2002438,Overall,Prediction
2002442,Overall,Prediction
2002446,Beginner
2002448,Design,Overall
2002454,Overall,Predicted Contacts,Prediction
2002457,NULL
2002458,Small Molecule Design
2002460,Overall,Prediction
2002462,NULL
2002465,Small Molecule Design
2002466,Beginner
2002469,Design,Overall
2002475,Overall,Prediction
2002481,Overall,Prediction
2002485,Beginner
2002486,Design,Overall
2002493,NULL
2002494,NULL
2002499,Overall,Predicted Contacts,Prediction
2002500,Overall,Prediction
2002504,Beginner
2002510,NULL
2002513,Design,Overall
2002515,NULL
2002518,NULL
2002519,NULL
2002522,Overall,Prediction
2002527,Overall,Prediction
2002531,Beginner
2002538,NULL
2002542,NULL
2002544,Design,Overall
2002546,Overall,Predicted Contacts,Prediction
2002549,Overall,Prediction
2002550,Beginner
2002553,Design,Overall
2002554,Electron Density,Overall,Prediction
2002562,Overall,Prediction
2002564,Beginner
2002565,Design,Overall
2002567,Overall,Prediction
2002572,Overall,Prediction
2002574,Beginner
2002578,Design,Overall
2002582,Overall,Predicted Contacts,Prediction
2002583,Overall,Prediction
2002584,Beginner
2002588,NULL
2002590,Design,Overall
2002595,Overall,Prediction
2002597,NULL
2002599,Overall,Prediction
2002600,Beginner
2002605,Design,Overall
2002607,Overall,Predicted Contacts,Prediction
2002610,Overall,Prediction
2002613,Design,Overall
2002614,Overall,Prediction
2002616,Beginner
2002623,NULL
2002642,NULL
2002643,Beginner
2002647,NULL
2002652,Design,Overall
2002658,Electron Density,Overall,Prediction
2002664,Overall,Prediction
2002665,Beginner
2002668,NULL
2002669,Overall,Prediction
2002674,Design,Overall
2002677,Overall,Prediction
2002679,Beginner
2002682,Overall,Prediction
2002689,Design,Overall
2002691,Overall,Prediction
2002693,Beginner
2002703,Electron Density,Overall,Prediction
2002707,NULL
2002708,NULL
2002710,NULL
2002711,NULL
2002713,Design,Overall
2002715,Overall,Prediction
2002719,Beginner
2002722,Overall,Prediction
2002728,NULL
2002730,NULL
2002735,Overall,Prediction
2002737,Beginner
2002742,NULL
2002744,NULL
2002745,Design,Overall
2002747,Overall,Prediction
2002754,NULL
2002760,Overall,Prediction
2002762,Beginner
2002766,Design,Overall
2002771,Overall,Prediction
2002772,NULL
2002781,Overall,Prediction
2002785,Beginner
2002787,Design,Overall
2002789,NULL
2002792,Overall,Prediction
2002802,Small Molecule Design
2002809,Small Molecule Design
2002812,NULL
2002814,NULL
2002816,NULL
2002824,Electron Density,Overall,Prediction
2002827,Beginner
2002829,NULL
2002833,Small Molecule Design
2002836,NULL
2002840,Overall,Prediction
2002850,Small Molecule Design
2002851,Small Molecule Design
2002854,NULL
2002858,NULL
2002868,NULL
2002872,Overall,Prediction
2002875,Beginner
2002877,Design,Overall
2002878,Overall,Prediction
2002884,NULL
2002893,NULL
2002896,NULL
2002906,Overall,Prediction
2002907,Beginner
2002912,NULL
2002914,Overall,Predicted Contacts,Prediction
2002922,Design,Overall
2002928,Small Molecule Design
2002930,Overall,Prediction
2002932,Beginner
2002940,NULL
2002945,Electron Density,Overall,Prediction
2002949,Design,Overall
2002953,NULL
2002956,NULL
2002960,NULL
2002962,NULL
2002963,Overall,Prediction
2002965,NULL
2002967,NULL
2002971,NULL
2002973,NULL
2002975,Beginner
2002978,NULL
2002990,Design,Overall
2002992,Electron Density,Overall,Prediction
2003001,NULL
2003002,Beginner
2003008,Overall,Prediction
2003010,NULL
2003011,Overall,Prediction
2003015,Overall,Predicted Contacts,Prediction
2003028,NULL
2003030,Beginner
2003035,NULL
2003037,NULL
2003047,Electron Density,Overall,Prediction
2003048,Design,Overall
2003050,NULL
2003051,Small Molecule Design
2003052,Small Molecule Design
2003053,Small Molecule Design
2003054,Beginner
2003059,Overall,Prediction
2003062,NULL
2003071,NULL
2003074,Beginner
2003078,NULL
2003083,Overall,Prediction
2003085,NULL
2003087,NULL
2003089,NULL
2003100,NULL
2003102,NULL
2003111,Overall,Prediction
2003125,Overall,Prediction
2003126,NULL
2003132,NULL
2003134,NULL
2003148,NULL
2003150,Overall,Prediction
2003161,NULL
2003164,NULL
2003169,Design,Overall
2003172,NULL
2003174,NULL
2003177,Overall,Prediction
2003181,NULL
2003183,NULL
2003187,NULL
2003195,Overall,Prediction
2003198,NULL
2003204,NULL
2003205,Design,Overall
2003206,Overall,Prediction
2003208,NULL
2003212,NULL
2003227,Beginner
2003228,Beginner
2003229,Beginner
2003230,Beginner
2003236,Overall,Prediction
2003240,Overall,Prediction
2003244,Beginner
2003245,Design,Overall
2003252,Beginner
2003256,NULL
2003257,NULL
2003259,NULL
2003261,NULL
2003263,NULL
2003265,Design,Overall
2003270,Overall,Prediction
2003274,NULL
2003276,NULL
2003281,Overall,Prediction
2003285,Design,Overall
2003287,Overall,Prediction
2003303,Overall,Prediction
2003305,Beginner
2003307,NULL
2003308,Design,Overall
2003313,Overall,Prediction
2003320,NULL
2003322,Overall,Prediction
2003324,NULL
2003327,Beginner
2003333,Design,Overall
2003336,NULL
2003340,Overall,Prediction
2003353,NULL
2003355,Design,Overall
2003358,Beginner
2003360,Design,Overall
2003366,NULL
2003374,Overall,Prediction
2003377,Beginner
2003379,NULL
2003382,Design,Overall
2003383,Overall,Prediction
2003388,Overall,Prediction
2003390,NULL
2003396,NULL
2003397,NULL
2003408,Beginner
2003411,NULL
2003414,Design,Overall
2003416,Overall,Prediction
2003422,NULL
2003424,NULL
2003426,NULL
2003428,NULL
2003430,NULL
2003432,NULL
2003433,Overall,Prediction
2003436,NULL
2003445,NULL
2003447,NULL
2003450,Beginner
2003455,Design,Overall
2003460,Electron Density,Overall,Prediction
2003465,Overall,Prediction
2003473,Beginner
2003476,NULL
2003483,Overall,Prediction
2003485,Overall,Prediction
2003487,NULL
2003490,Overall,Prediction
2003493,NULL
2003521,Beginner
2003523,NULL
2003527,NULL
2003530,Electron Density,Overall,Prediction
2003532,Design,Overall
2003534,Overall,Predicted Contacts,Prediction
2003535,Overall,Prediction
2003537,NULL
2003539,NULL
2003543,NULL
2003551,Beginner
2003558,NULL
2003560,NULL
2003561,Design,Overall
2003563,NULL
2003575,NULL
2003578,Overall,Prediction
2003583,Overall,Prediction
2003587,Beginner
2003592,NULL
2003594,Design,Overall
2003605,NULL
2003608,NULL
2003610,NULL
2003618,Beginner
2003621,Overall,Prediction
2003624,Electron Density,Overall,Prediction
2003628,Design,Overall
2003639,Overall,Prediction
2003640,Beginner
2003642,Overall,Prediction
2003644,NULL
2003647,NULL
2003648,Design,Overall
2003651,NULL
2003652,NULL
2003654,NULL
2003655,NULL
2003660,Beginner
2003661,Beginner
2003668,Overall,Prediction
2003670,Overall,Predicted Contacts,Prediction
2003678,NULL
2003682,Design,Overall
2003686,NULL
2003688,NULL
2003691,Beginner
2003692,Beginner
2003698,Overall,Prediction
2003699,NULL
2003704,Electron Density,Overall,Prediction
2003707,Design,Overall
2003710,NULL
2003716,NULL
2003718,NULL
2003722,Beginner
2003723,Beginner
2003730,Overall,Prediction
2003734,Overall,Prediction
2003736,NULL
2003738,NULL
2003741,NULL
2003744,Design,Overall
2003749,NULL
2003751,NULL
2003753,NULL
2003755,NULL
2003758,Beginner
2003760,NULL
2003762,Overall,Prediction
2003763,NULL
2003766,Overall,Predicted Contacts,Prediction
2003773,Design,Overall
2003776,Beginner
2003780,Overall,Prediction
2003784,Overall,Prediction
2003787,NULL
2003790,Beginner
2003791,Overall,Prediction
2003793,NULL
2003794,NULL
2003796,Design,Overall
2003801,NULL
2003803,NULL
2003806,Design,Overall
2003811,Beginner
2003814,Overall,Prediction
2003817,Design,Overall
2003823,Overall,Prediction
2003825,Overall,Prediction
2003828,Design,Overall
2003829,Beginner
2003832,NULL
2003841,Electron Density,Overall,Prediction
2003845,Beginner
2003846,Overall,Prediction
2003850,Design,Overall
2003854,Overall,Prediction
2003856,Overall,Prediction
2003857,Beginner
2003859,Design,Overall
2003866,NULL
2003868,Overall,Predicted Contacts,Prediction
2003872,Beginner
2003876,Overall,Prediction
2003877,Design,Overall
2003881,Overall,Prediction
2003888,NULL
2003892,Beginner
2003893,Overall,Prediction
2003894,Design,Overall
2003899,NULL
2003900,Overall,Prediction
2003902,Beginner
2003903,Overall,Prediction
2003908,Design,Overall
2003912,Overall,Prediction
2003916,Beginner
2003918,Overall,Prediction
2003921,Overall,Prediction
2003928,Overall,Prediction
2003929,Overall,Prediction
2003930,Beginner
2003939,Design,Overall
2003945,NULL
2003946,NULL
2003949,Overall,Prediction
2003954,Beginner
2003955,Overall,Prediction
2003958,Design,Overall
2003967,NULL
2003969,NULL
2003971,NULL
2003976,Overall,Prediction
2003978,Beginner
2003982,Overall,Prediction
2003984,Design,Overall
2003990,Design,Overall
2003995,NULL
2003996,Overall,Prediction
2003999,Beginner
2004003,NULL
2004007,Design,Overall
2004013,NULL
2004016,Overall,Prediction
2004017,Beginner
2004018,Overall,Prediction
2004021,Design,Overall
2004044,Overall,Prediction
2004049,Beginner
2004053,Overall,Prediction
2004055,Design,Overall
2004058,Overall,Prediction
2004059,Overall,Prediction
2004065,NULL
2004067,NULL
2004075,Beginner
2004080,NULL
2004082,Design,Overall
2004111,NULL
2004118,Beginner
2004124,Overall,Predicted Contacts,Prediction
2004133,Design,Overall
2004151,Overall,Prediction
2004154,Beginner
2004158,Pilot
2004159,Pilot
2004161,Design,Overall
2004176,NULL
2004180,Overall,Prediction
2004188,Beginner
2004202,Design,Overall
2004204,Overall,Prediction
2004205,Overall,Prediction
2004208,NULL
2004215,Pilot,Small Molecule Design
2004226,Beginner
2004233,NULL
2004234,Design,Overall
2004248,Pilot
2004251,Beginner
2004263,Design,Overall
2004269,Design,Overall
2004281,NULL
2004282,Beginner
2004290,NULL
2004292,Design,Overall
2004301,NULL
2004307,Pilot
2004315,Beginner
2004321,NULL
2004322,Design,Overall
2004332,Overall,Prediction
2004341,NULL
2004345,Beginner
2004350,NULL
2004354,Pilot
2004356,NULL
2004358,NULL
2004361,NULL
2004375,Pilot
2004377,NULL
2004378,Beginner
2004385,NULL
2004391,Overall,Prediction
2004400,Design,Overall
2004401,Overall
2004405,Beginner
2004419,NULL
2004435,NULL
2004442,Overall,Prediction
2004446,NULL
2004448,Pilot
2004449,Beginner
2004456,Design,Overall
2004458,NULL
2004465,NULL
2004467,Design,Overall
2004468,Beginner
2004472,Pilot
2004474,NULL
2004480,Small Molecule Design
2004481,Overall,Prediction
2004483,Pilot
2004489,Beginner
2004490,NULL
2004499,Design,Overall
2004505,NULL
2004506,Design,Overall
2004507,Beginner
2004512,NULL
2004514,NULL
2004516,NULL
2004520,Overall,Prediction
2004523,Design,Overall
2004527,Beginner
2004529,NULL
2004534,NULL
2004536,NULL
2004538,NULL
2004540,NULL
2004542,NULL
2004548,Design,Overall
2004549,Overall,Prediction
2004550,NULL
2004557,Beginner
2004566,NULL
2004575,Design,Overall
2004579,Overall,Prediction
2004582,Beginner
2004584,Overall,Prediction
2004595,NULL
2004597,NULL
2004603,NULL
2004605,Pilot
2004607,Design,Overall
2004608,Beginner
2004611,NULL
2004613,NULL
2004615,NULL
2004619,NULL
2004627,NULL
2004629,NULL
2004631,NULL
2004635,NULL
2004638,Overall,Prediction
2004639,Beginner
2004640,Overall,Prediction
2004642,Design,Overall
2004647,NULL
2004651,Overall,Prediction
2004653,NULL
2004655,NULL
2004657,NULL
2004659,NULL
2004661,NULL
2004663,NULL
2004665,NULL
2004667,NULL
2004669,NULL
2004671,NULL
2004674,Beginner
2004676,NULL
2004678,NULL
2004679,Overall,Prediction
2004681,NULL
2004683,NULL
2004685,NULL
2004687,NULL
2004689,NULL
2004692,Design,Overall
2004695,NULL
2004697,NULL
2004700,NULL
2004706,NULL
2004708,Overall,Prediction
2004711,NULL
2004714,NULL
2004715,Beginner
2004717,NULL
2004719,Overall,Prediction
2004724,Design,Overall
2004729,NULL
2004735,Overall,Prediction
2004738,Beginner
2004742,Electron Density,Overall,Prediction
2004744,NULL
2004748,Design,Overall
2004752,NULL
2004759,Overall,Prediction
2004760,Beginner
2004763,NULL
2004765,Design,Overall
2004770,NULL
2004773,NULL
2004776,Overall,Prediction
2004777,Beginner
2004778,NULL
2004779,NULL
2004780,NULL
2004781,Overall,Prediction
2004782,NULL
2004783,NULL
2004790,NULL
2004792,Design,Overall
2004805,NULL
2004807,NULL
2004811,Overall,Prediction
2004812,Beginner
2004814,NULL
2004819,Overall,Prediction
2004822,Design,Overall
2004829,NULL
2004830,Overall,Prediction
2004832,Beginner
2004835,Overall,Prediction
2004836,Design,Overall
2004842,NULL
2004844,NULL
2004846,NULL
2004848,NULL
2004849,Overall,Prediction
2004851,NULL
2004853,NULL
2004855,Beginner
2004856,Overall,Prediction
2004861,Design,Overall
2004874,Overall,Prediction
2004875,Beginner
2004877,NULL
2004880,Design,Overall
2004881,Overall,Prediction
2004883,Overall,Prediction
2004884,Design,Overall
2004887,Design,Overall
2004888,Beginner
2004891,NULL
2004899,Overall,Prediction
2004904,NULL
2004908,NULL
2004912,NULL
2004916,NULL
2004917,Beginner
2004919,Design,Overall,Symmetry
2004921,Overall,Prediction
2004930,NULL
2004932,NULL
2004934,NULL
2004937,Overall,Prediction
2004938,Design,Overall
2004948,Beginner
2004954,NULL
2004956,Overall
2004960,Design,Overall
2004962,NULL
2004964,NULL
2004969,Design,Overall
2004971,Beginner
2004975,NULL
2004977,NULL
2004979,NULL
2004982,NULL
2005005,NULL
2005009,NULL
2005013,NULL
2005016,NULL
2005017,Overall,Prediction
2005020,NULL
2005024,NULL
2005029,Design,Overall
2005031,NULL
2005033,NULL
2005035,NULL
2005036,Beginner
2005053,NULL
2005055,Overall,Prediction
2005069,NULL
2005071,NULL
2005074,Design,Overall
2005076,NULL
2005078,Design,Overall
2005079,Beginner
2005087,NULL
2005090,Overall,Prediction
2005098,NULL
2005100,Overall,Prediction
2005102,NULL
2005105,Design,Overall
2005107,Beginner
2005111,NULL
2005113,Overall,Prediction
2005114,NULL
2005119,NULL
2005123,NULL
2005124,Electron Density,Overall,Prediction
2005125,Beginner
2005126,Design,Overall
2005128,Beginner
2005131,NULL
2005133,NULL
2005137,NULL
2005140,NULL
2005144,NULL
2005146,NULL
2005148,NULL
2005150,NULL
2005152,NULL
2005154,NULL
2005162,NULL
2005164,NULL
2005166,NULL
2005169,NULL
2005171,NULL
2005172,Overall,Prediction
2005176,NULL
2005178,Design,Overall
2005181,NULL
2005183,NULL
2005191,Beginner
2005197,NULL
2005233,NULL
2005236,Overall,Prediction
2005237,Design,Overall,Symmetry
2005241,NULL
2005243,NULL
2005245,NULL
2005247,NULL
2005249,NULL
2005251,NULL
2005252,Overall,Prediction
2005254,Beginner
2005259,NULL
2005265,Overall,Prediction
2005267,NULL
2005270,NULL
2005272,NULL
2005274,NULL
2005276,NULL
2005278,NULL
2005280,NULL
2005283,NULL
2005285,NULL
2005287,NULL
2005288,Design,Overall,Symmetry
2005293,NULL
2005301,Beginner
2005303,Overall,Prediction
2005305,NULL
2005307,NULL
2005309,NULL
2005315,NULL
2005317,NULL
2005319,NULL
2005320,Overall,Prediction
2005334,NULL
2005336,NULL
2005337,Design,Overall,Symmetry
2005344,NULL
2005347,Beginner
2005356,Overall,Prediction
2005360,Overall,Prediction
2005364,Design,Overall,Symmetry
2005367,NULL
2005374,NULL
2005377,Beginner
2005388,Overall,Prediction
2005389,Overall,Prediction
2005396,Design,Overall,Symmetry
2005399,Overall,Prediction
2005400,Beginner
2005407,Overall,Prediction
2005411,NULL
2005413,NULL
2005418,Design,Overall
2005420,Beginner
2005421,Overall,Prediction
2005423,NULL
2005425,Design,Overall
2005429,Overall,Prediction
2005430,Design,Overall
2005434,NULL
2005436,NULL
2005438,NULL
2005448,Beginner
2005451,NULL
2005456,Overall,Prediction
2005457,NULL
2005462,Pilot
2005464,NULL
2005466,Design,Overall
2005470,Beginner
2005471,Pilot
2005474,NULL
2005480,Pilot
2005482,Design,Overall
2005484,NULL
2005489,NULL
2005492,Beginner
2005494,NULL
2005496,Overall,Prediction
2005498,Overall,Prediction
2005507,Overall,Prediction
2005509,Design,Overall
2005511,Beginner
2005514,NULL
2005518,Overall,Prediction
2005521,NULL
2005523,Overall,Prediction
2005525,NULL
2005527,NULL
2005531,Overall,Prediction
2005533,Overall,Prediction
2005534,Beginner
2005545,Overall,Prediction
2005546,Overall,Prediction
2005547,Beginner
2005550,Design,Overall
2005552,NULL
2005561,Overall,Prediction
2005562,Overall,Prediction
2005563,NULL
2005564,Beginner
2005579,Design,Overall,Symmetry
2005581,Overall,Prediction
2005582,NULL
2005583,NULL
2005584,NULL
2005585,NULL
2005586,Beginner
2005587,Beginner
2005589,NULL
2005591,NULL
2005593,NULL
2005595,NULL
2005597,Design,Overall
2005603,NULL
2005605,NULL
2005608,Design,Overall
2005613,Overall,Prediction
2005614,Beginner
2005616,Design,Overall
2005641,Design,Overall,Symmetry
2005643,Overall,Prediction
2005649,NULL
2005650,Beginner
2005655,NULL
2005657,NULL
2005659,NULL
2005662,Design,Overall
2005673,NULL
2005676,Design,Overall,Symmetry
2005678,Overall,Prediction
2005686,NULL
2005687,Beginner
2005691,Electron Density,Overall,Prediction
2005696,Small Molecule Design
2005703,Beginner
2005706,NULL
2005709,Design,Overall
2005721,NULL
2005727,NULL
2005728,NULL
2005729,NULL
2005730,NULL
2005731,NULL
2005732,NULL
2005733,NULL
2005734,NULL
2005735,NULL
2005737,NULL
2005738,NULL
2005739,NULL
2005740,NULL
2005741,NULL
2005742,NULL
2005743,NULL
2005744,NULL
2005745,NULL
2005746,NULL
2005747,NULL
2005771,NULL
2005772,NULL
2005773,NULL
2005774,NULL
2005775,NULL
2005776,NULL
2005777,NULL
2005778,NULL
2005779,NULL
2005780,NULL
2005781,NULL
2005782,NULL
2005783,NULL
2005784,NULL
2005785,NULL
2005786,NULL
2005787,NULL
2005788,NULL
2005789,NULL
2005790,NULL
2005795,Overall,Prediction
2005798,Beginner
2005800,NULL
2005804,Design,Overall
2005806,Electron Density,Overall,Prediction
2005815,NULL
2005853,NULL
2005868,NULL
2005870,NULL
2005872,NULL
2005874,NULL
2005876,NULL
2005886,NULL
2005888,Overall,Prediction
2005889,Beginner
2005892,Design,Overall
2005947,NULL
2005949,NULL
2005953,NULL
2005955,NULL
2005957,NULL
2005959,NULL
2005973,Overall,Prediction
2005977,Overall,Prediction
2005993,NULL
2005998,NULL
2006001,Design,Overall
2006002,Overall,Prediction
2006004,NULL
2006005,Beginner
2006010,NULL
2006012,NULL
2006018,NULL
2006020,NULL
2006022,NULL
2006024,NULL
2006026,NULL
2006028,NULL
2006038,Overall,Prediction
2006039,Overall,Prediction
2006040,Overall,Prediction
2006041,Overall,Prediction
2006043,NULL
2006055,NULL
2006058,Beginner
2006060,Overall,Prediction
2006064,NULL
2006066,NULL
2006068,NULL
2006093,Electron Density,Overall,Prediction
2006101,NULL
2006104,Beginner
2006105,Design,Overall
2006109,Pilot,Small Molecule Design
2006112,NULL
2006114,NULL
2006115,Overall,Prediction
2006120,NULL
2006128,Design,Overall
2006130,Beginner
2006138,NULL
2006140,NULL
2006145,NULL
2006147,NULL
2006150,Overall,Prediction
2006156,NULL
2006160,Beginner
2006163,NULL
2006170,NULL
2006171,Pilot,Small Molecule Design
2006177,Overall,Prediction
2006180,NULL
2006188,NULL
2006191,Design,Overall
2006192,Beginner
2006200,NULL
2006203,NULL
2006204,Electron Density,Overall,Prediction
2006206,NULL
2006209,NULL
2006210,Overall,Prediction
2006217,Beginner
2006221,Design,Overall
2006227,Overall,Prediction
2006233,Beginner
2006235,NULL
2006238,Design,Overall,Symmetry
2006245,NULL
2006246,Overall,Prediction
2006248,Overall,Prediction
2006251,Beginner
2006254,Design,Overall,Symmetry
2006256,NULL
2006264,NULL
2006275,Electron Density,Overall,Prediction
2006279,NULL
2006283,Overall,Prediction
2006284,Beginner
2006286,NULL
2006288,NULL
2006290,NULL
2006292,NULL
2006298,Design,Overall,Symmetry
2006309,NULL
2006315,Design,Overall
2006316,Beginner
2006320,NULL
2006323,Design,Overall,Symmetry
2006328,NULL
2006333,NULL
2006334,Overall,Prediction
2006335,Beginner
2006336,Overall,Prediction
2006338,Design,Overall,Symmetry
2006344,Beginner
2006346,Overall,Prediction
2006347,NULL
2006351,Design,Overall,Symmetry
2006352,Overall,Prediction
2006353,Overall,Prediction
2006358,Beginner
2006364,Overall,Prediction
2006365,NULL
2006367,Design,Overall,Symmetry
2006379,Overall,Prediction
2006382,NULL
2006385,Beginner
2006387,Overall,Prediction
2006389,NULL
2006391,NULL
2006393,Design,Overall,Symmetry
2006400,NULL
2006401,Overall,Prediction
2006403,Beginner
2006405,Overall,Prediction
2006409,Design,Overall,Symmetry
2006416,NULL
2006418,Overall,Prediction
2006419,Beginner
2006420,Overall,Prediction
2006422,Design,Overall,Symmetry
2006425,NULL
2006717,Overall,Prediction
2006718,Overall,Prediction
2006719,Beginner
2006723,NULL
2006725,NULL
2006727,NULL
2006791,NULL
2006835,Design,Overall,Symmetry
2006840,Overall,Prediction
2006845,Beginner
2006855,NULL
2006856,Overall,Prediction
2006863,NULL
2006864,Design,Overall,Symmetry
2006865,Overall,Prediction
2006869,Beginner
2006873,Overall,Prediction
2006875,NULL
2007192,NULL
2007193,Design,Overall,Symmetry
2007197,Overall,Prediction
2007200,Beginner
2007201,Overall,Prediction,Symmetry
2007211,Design,Overall
2007213,NULL
2007216,NULL
2007217,Overall,Prediction
2007218,Beginner
2007220,Overall,Prediction,Symmetry
2007571,Design,Overall,Symmetry
2007573,NULL
2007575,Overall,Prediction
2007578,NULL
2007580,Beginner
2007582,Overall,Prediction
2007584,NULL
